"d__Viruses,-__Retro_transcribing_viruses,f__Hepadnaviridae,g__Orthohepadnavirus,s__Hepatitis_B_virus",0.0012406824746156366
"d__Viruses,-__Retro_transcribing_viruses,f__Retroviridae,-__Orthoretrovirinae,g__Deltaretrovirus,-__unclassified_Deltaretrovirus,s__Human_T_lymphotropic_virus_4",0.0005483181758021517
"d__Viruses,-__Retro_transcribing_viruses,f__Retroviridae,-__Orthoretrovirinae,g__Deltaretrovirus,s__Primate_T_lymphotropic_virus_1",0.0006816116328385338
"d__Viruses,-__Retro_transcribing_viruses,f__Retroviridae,-__Orthoretrovirinae,g__Deltaretrovirus,s__Primate_T_lymphotropic_virus_2",0.000690718820668578
"d__Viruses,-__Retro_transcribing_viruses,f__Retroviridae,-__Orthoretrovirinae,g__Deltaretrovirus,s__Primate_T_lymphotropic_virus_3",0.000653019505408705
"d__Viruses,-__Retro_transcribing_viruses,f__Retroviridae,-__Orthoretrovirinae,g__Gammaretrovirus,-__Mammalian_gammaretrovirus_group,-__Replication_competent_viruses,s__Murine_leukemia_virus",0.00042401628222523747
"d__Viruses,-__Retro_transcribing_viruses,f__Retroviridae,-__Orthoretrovirinae,g__Gammaretrovirus,-__Mammalian_gammaretrovirus_group,-__Replication_competent_viruses,s__Porcine_type_C_oncovirus",0.0002069692180326635
"d__Viruses,-__Retro_transcribing_viruses,f__Retroviridae,-__Orthoretrovirinae,g__Lentivirus,-__Primate_lentivirus_group,-__unclassified_Primate_lentivirus_group,s__Human_immunodeficiency_virus",0.0008662925566218441
"d__Viruses,-__Retro_transcribing_viruses,f__Retroviridae,-__Orthoretrovirinae,g__Lentivirus,-__Primate_lentivirus_group,s__Human_immunodeficiency_virus_1",0.0019843032726195764
"d__Viruses,-__Retro_transcribing_viruses,f__Retroviridae,-__Orthoretrovirinae,g__Lentivirus,-__Primate_lentivirus_group,s__Human_immunodeficiency_virus_2",0.0012358791155740079
"d__Viruses,-__Retro_transcribing_viruses,f__Retroviridae,-__Spumaretrovirinae,g__Spumavirus,s__African_green_monkey_simian_foamy_virus",0.0007246104042761424
"d__Viruses,-__Retro_transcribing_viruses,f__Retroviridae,-__Spumaretrovirinae,g__Spumavirus,s__Macaque_simian_foamy_virus",0.0007529270037269887
"d__Viruses,-__Retro_transcribing_viruses,f__Retroviridae,-__Spumaretrovirinae,g__Spumavirus,s__Simian_foamy_virus",0.0009998868052673283
"d__Viruses,-__Retro_transcribing_viruses,f__Retroviridae,-__unclassified_Retroviridae,-__Human_endogenous_retroviruses,s__Human_endogenous_retrovirus_K",1.88254784024699e-05
"d__Viruses,-__dsDNA_viruses__no_RNA_stage,f__Adenoviridae,g__Mastadenovirus,s__Human_mastadenovirus_A",0.0032003891050583658
"d__Viruses,-__dsDNA_viruses__no_RNA_stage,f__Adenoviridae,g__Mastadenovirus,s__Human_mastadenovirus_B",0.003855689826835601
"d__Viruses,-__dsDNA_viruses__no_RNA_stage,f__Adenoviridae,g__Mastadenovirus,s__Human_mastadenovirus_C",0.00353949511003637
"d__Viruses,-__dsDNA_viruses__no_RNA_stage,f__Adenoviridae,g__Mastadenovirus,s__Human_mastadenovirus_D",0.0037126415444588825
"d__Viruses,-__dsDNA_viruses__no_RNA_stage,f__Adenoviridae,g__Mastadenovirus,s__Human_mastadenovirus_E",0.0034940805590528896
"d__Viruses,-__dsDNA_viruses__no_RNA_stage,f__Adenoviridae,g__Mastadenovirus,s__Human_mastadenovirus_F",0.0029501101439149127
"d__Viruses,-__dsDNA_viruses__no_RNA_stage,f__Adenoviridae,g__Mastadenovirus,s__Human_mastadenovirus_G",0.0026339576428508946
"d__Viruses,-__dsDNA_viruses__no_RNA_stage,f__Adenoviridae,g__Mastadenovirus,s__Platyrrhini_mastadenovirus_A",0.0015720237635984877
"d__Viruses,-__dsDNA_viruses__no_RNA_stage,f__Papillomaviridae,-__unclassified_Papillomaviridae,-__Human_papillomavirus_types,s__Human_papillomavirus",0.0010762682843305123
"d__Viruses,-__dsDNA_viruses__no_RNA_stage,f__Papillomaviridae,-__unclassified_Papillomaviridae,-__Human_papillomavirus_types,s__Human_papillomavirus_type_136",0.0005737123075875884
"d__Viruses,-__dsDNA_viruses__no_RNA_stage,f__Papillomaviridae,-__unclassified_Papillomaviridae,-__Human_papillomavirus_types,s__Human_papillomavirus_type_140",0.0004961716948641365
"d__Viruses,-__dsDNA_viruses__no_RNA_stage,f__Papillomaviridae,-__unclassified_Papillomaviridae,-__Human_papillomavirus_types,s__Human_papillomavirus_type_141",0.0004957810008943501
"d__Viruses,-__dsDNA_viruses__no_RNA_stage,f__Papillomaviridae,-__unclassified_Papillomaviridae,-__Human_papillomavirus_types,s__Human_papillomavirus_type_143",0.0014261294261294262
"d__Viruses,-__dsDNA_viruses__no_RNA_stage,f__Papillomaviridae,-__unclassified_Papillomaviridae,-__Human_papillomavirus_types,s__Human_papillomavirus_type_145",0.0012398227151141222
"d__Viruses,-__dsDNA_viruses__no_RNA_stage,f__Papillomaviridae,-__unclassified_Papillomaviridae,-__Human_papillomavirus_types,s__Human_papillomavirus_type_154",0.0005249598988966121
"d__Viruses,-__dsDNA_viruses__no_RNA_stage,f__Papillomaviridae,-__unclassified_Papillomaviridae,-__Human_papillomavirus_types,s__Human_papillomavirus_type_155",0.0005256651123852541
"d__Viruses,-__dsDNA_viruses__no_RNA_stage,f__Papillomaviridae,-__unclassified_Papillomaviridae,-__Human_papillomavirus_types,s__Human_papillomavirus_type_179",0.0004865138364535087
"d__Viruses,-__dsDNA_viruses__no_RNA_stage,f__Papillomaviridae,-__unclassified_Papillomaviridae,-__Human_papillomavirus_types,s__Human_papillomavirus_type_197",0.0006610670399751127
"d__Viruses,-__dsDNA_viruses__no_RNA_stage,f__Papillomaviridae,-__unclassified_Papillomaviridae,-__Human_papillomavirus_types,s__Human_papillomavirus_type_78",0.0013901534063653362
"d__Viruses,-__dsDNA_viruses__no_RNA_stage,f__Papillomaviridae,g__Alphapapillomavirus,s__Alphapapillomavirus_1",0.0015093008212948625
"d__Viruses,-__dsDNA_viruses__no_RNA_stage,f__Papillomaviridae,g__Alphapapillomavirus,s__Alphapapillomavirus_10",0.0016913818196121623
"d__Viruses,-__dsDNA_viruses__no_RNA_stage,f__Papillomaviridae,g__Alphapapillomavirus,s__Alphapapillomavirus_11",0.0015006031836326368
"d__Viruses,-__dsDNA_viruses__no_RNA_stage,f__Papillomaviridae,g__Alphapapillomavirus,s__Alphapapillomavirus_13",0.0012352698966686928
"d__Viruses,-__dsDNA_viruses__no_RNA_stage,f__Papillomaviridae,g__Alphapapillomavirus,s__Alphapapillomavirus_14",0.001494239314222799
"d__Viruses,-__dsDNA_viruses__no_RNA_stage,f__Papillomaviridae,g__Alphapapillomavirus,s__Alphapapillomavirus_2",0.0016697606349019261
"d__Viruses,-__dsDNA_viruses__no_RNA_stage,f__Papillomaviridae,g__Alphapapillomavirus,s__Alphapapillomavirus_3",0.0017909331548960374
"d__Viruses,-__dsDNA_viruses__no_RNA_stage,f__Papillomaviridae,g__Alphapapillomavirus,s__Alphapapillomavirus_4",0.0014901668594733436
"d__Viruses,-__dsDNA_viruses__no_RNA_stage,f__Papillomaviridae,g__Alphapapillomavirus,s__Alphapapillomavirus_5",0.0018563627077358268
"d__Viruses,-__dsDNA_viruses__no_RNA_stage,f__Papillomaviridae,g__Alphapapillomavirus,s__Alphapapillomavirus_6",0.0016891560112348516
"d__Viruses,-__dsDNA_viruses__no_RNA_stage,f__Papillomaviridae,g__Alphapapillomavirus,s__Alphapapillomavirus_7",0.0022052887549963572
"d__Viruses,-__dsDNA_viruses__no_RNA_stage,f__Papillomaviridae,g__Alphapapillomavirus,s__Alphapapillomavirus_8",0.0015514380259424004
"d__Viruses,-__dsDNA_viruses__no_RNA_stage,f__Papillomaviridae,g__Alphapapillomavirus,s__Alphapapillomavirus_9",0.0024131036452639146
"d__Viruses,-__dsDNA_viruses__no_RNA_stage,f__Papillomaviridae,g__Betapapillomavirus,-__unclassified_Betapapillomavirus,s__Colobus_monkey_papillomavirus",0.0012102047588374227
"d__Viruses,-__dsDNA_viruses__no_RNA_stage,f__Papillomaviridae,g__Betapapillomavirus,s__Betapapillomavirus_1",0.00210460061761177
"d__Viruses,-__dsDNA_viruses__no_RNA_stage,f__Papillomaviridae,g__Betapapillomavirus,s__Betapapillomavirus_2",0.0020056827678422194
"d__Viruses,-__dsDNA_viruses__no_RNA_stage,f__Papillomaviridae,g__Betapapillomavirus,s__Betapapillomavirus_3",0.001428543472730475
"d__Viruses,-__dsDNA_viruses__no_RNA_stage,f__Papillomaviridae,g__Betapapillomavirus,s__Betapapillomavirus_4",0.0010060558702871655
"d__Viruses,-__dsDNA_viruses__no_RNA_stage,f__Papillomaviridae,g__Betapapillomavirus,s__Betapapillomavirus_5",0.0011931190282925685
"d__Viruses,-__dsDNA_viruses__no_RNA_stage,f__Papillomaviridae,g__Betapapillomavirus,s__Betapapillomavirus_6",0.0011049831807869827
"d__Viruses,-__dsDNA_viruses__no_RNA_stage,f__Papillomaviridae,g__Gammapapillomavirus,-__unclassified_Gammapapillomavirus,s__Human_papillomavirus_KC5",0.0005841007768540332
"d__Viruses,-__dsDNA_viruses__no_RNA_stage,f__Papillomaviridae,g__Gammapapillomavirus,-__unclassified_Gammapapillomavirus,s__Human_papillomavirus_type_201",0.0006225075381772201
"d__Viruses,-__dsDNA_viruses__no_RNA_stage,f__Papillomaviridae,g__Gammapapillomavirus,s__Gammapapillomavirus_1",0.001192314458278767
"d__Viruses,-__dsDNA_viruses__no_RNA_stage,f__Papillomaviridae,g__Gammapapillomavirus,s__Gammapapillomavirus_10",0.0009187852486096042
"d__Viruses,-__dsDNA_viruses__no_RNA_stage,f__Papillomaviridae,g__Gammapapillomavirus,s__Gammapapillomavirus_11",0.0005451925698041201
"d__Viruses,-__dsDNA_viruses__no_RNA_stage,f__Papillomaviridae,g__Gammapapillomavirus,s__Gammapapillomavirus_12",0.0008613180123129325
"d__Viruses,-__dsDNA_viruses__no_RNA_stage,f__Papillomaviridae,g__Gammapapillomavirus,s__Gammapapillomavirus_13",0.0006727900310068449
"d__Viruses,-__dsDNA_viruses__no_RNA_stage,f__Papillomaviridae,g__Gammapapillomavirus,s__Gammapapillomavirus_14",0.0006324433719934615
"d__Viruses,-__dsDNA_viruses__no_RNA_stage,f__Papillomaviridae,g__Gammapapillomavirus,s__Gammapapillomavirus_15",0.000663531156690931
"d__Viruses,-__dsDNA_viruses__no_RNA_stage,f__Papillomaviridae,g__Gammapapillomavirus,s__Gammapapillomavirus_16",0.00041799111525861986
"d__Viruses,-__dsDNA_viruses__no_RNA_stage,f__Papillomaviridae,g__Gammapapillomavirus,s__Gammapapillomavirus_17",0.0005837995621503284
"d__Viruses,-__dsDNA_viruses__no_RNA_stage,f__Papillomaviridae,g__Gammapapillomavirus,s__Gammapapillomavirus_18",0.00040860005837143693
"d__Viruses,-__dsDNA_viruses__no_RNA_stage,f__Papillomaviridae,g__Gammapapillomavirus,s__Gammapapillomavirus_19",0.0006149521215848195
"d__Viruses,-__dsDNA_viruses__no_RNA_stage,f__Papillomaviridae,g__Gammapapillomavirus,s__Gammapapillomavirus_2",0.0009261154817262792
"d__Viruses,-__dsDNA_viruses__no_RNA_stage,f__Papillomaviridae,g__Gammapapillomavirus,s__Gammapapillomavirus_20",0.0007488524079981327
"d__Viruses,-__dsDNA_viruses__no_RNA_stage,f__Papillomaviridae,g__Gammapapillomavirus,s__Gammapapillomavirus_21",0.00041821064200196463
"d__Viruses,-__dsDNA_viruses__no_RNA_stage,f__Papillomaviridae,g__Gammapapillomavirus,s__Gammapapillomavirus_22",0.00027210619916230165
"d__Viruses,-__dsDNA_viruses__no_RNA_stage,f__Papillomaviridae,g__Gammapapillomavirus,s__Gammapapillomavirus_24",0.0006228043713081812
"d__Viruses,-__dsDNA_viruses__no_RNA_stage,f__Papillomaviridae,g__Gammapapillomavirus,s__Gammapapillomavirus_3",0.0007485975947656501
"d__Viruses,-__dsDNA_viruses__no_RNA_stage,f__Papillomaviridae,g__Gammapapillomavirus,s__Gammapapillomavirus_4",0.0008655230092970786
"d__Viruses,-__dsDNA_viruses__no_RNA_stage,f__Papillomaviridae,g__Gammapapillomavirus,s__Gammapapillomavirus_5",0.0005837825215513048
"d__Viruses,-__dsDNA_viruses__no_RNA_stage,f__Papillomaviridae,g__Gammapapillomavirus,s__Gammapapillomavirus_6",0.0006825139915368265
"d__Viruses,-__dsDNA_viruses__no_RNA_stage,f__Papillomaviridae,g__Gammapapillomavirus,s__Gammapapillomavirus_7",0.0008131276022532452
"d__Viruses,-__dsDNA_viruses__no_RNA_stage,f__Papillomaviridae,g__Gammapapillomavirus,s__Gammapapillomavirus_8",0.0007612578321719272
"d__Viruses,-__dsDNA_viruses__no_RNA_stage,f__Papillomaviridae,g__Gammapapillomavirus,s__Gammapapillomavirus_9",0.000535999688145636
"d__Viruses,-__dsDNA_viruses__no_RNA_stage,f__Papillomaviridae,g__Mupapillomavirus,s__Mupapillomavirus_1",0.0010044664625226737
"d__Viruses,-__dsDNA_viruses__no_RNA_stage,f__Papillomaviridae,g__Mupapillomavirus,s__Mupapillomavirus_2",0.000993406507786554
"d__Viruses,-__dsDNA_viruses__no_RNA_stage,f__Papillomaviridae,g__Nupapillomavirus,s__Nupapillomavirus_1",0.0006786102062975027
"d__Viruses,-__dsDNA_viruses__no_RNA_stage,f__Polyomaviridae,-__unclassified_Polyomaviridae,s__KI_polyomavirus",0.0003576066703054714
"d__Viruses,-__dsDNA_viruses__no_RNA_stage,f__Polyomaviridae,-__unclassified_Polyomaviridae,s__LI_polyomavirus",0.0001694596121257767
"d__Viruses,-__dsDNA_viruses__no_RNA_stage,f__Polyomaviridae,-__unclassified_Polyomaviridae,s__MW_polyomavirus",0.00015071022192080178
"d__Viruses,-__dsDNA_viruses__no_RNA_stage,f__Polyomaviridae,-__unclassified_Polyomaviridae,s__Merkel_cell_polyomavirus",0.0003863295862504358
"d__Viruses,-__dsDNA_viruses__no_RNA_stage,f__Polyomaviridae,-__unclassified_Polyomaviridae,s__New_Jersey_polyomavirus_2013",0.00015067615926470034
"d__Viruses,-__dsDNA_viruses__no_RNA_stage,f__Polyomaviridae,-__unclassified_Polyomaviridae,s__STL_polyomavirus",7.533949861563671e-05
"d__Viruses,-__dsDNA_viruses__no_RNA_stage,f__Polyomaviridae,-__unclassified_Polyomaviridae,s__Trichodysplasia_spinulosa_associated_polyomavirus",0.00016020053337354053
"d__Viruses,-__dsDNA_viruses__no_RNA_stage,f__Polyomaviridae,g__Alphapolyomavirus,s__Human_polyomavirus_12",0.00010357132769026524
"d__Viruses,-__dsDNA_viruses__no_RNA_stage,f__Polyomaviridae,g__Alphapolyomavirus,s__Human_polyomavirus_9",0.000160088896422484
"d__Viruses,-__dsDNA_viruses__no_RNA_stage,f__Polyomaviridae,g__Betapolyomavirus,s__Human_polyomavirus_1",0.0004995569966256339
"d__Viruses,-__dsDNA_viruses__no_RNA_stage,f__Polyomaviridae,g__Betapolyomavirus,s__Human_polyomavirus_2",0.0004808190894606341
"d__Viruses,-__dsDNA_viruses__no_RNA_stage,f__Polyomaviridae,g__Betapolyomavirus,s__Human_polyomavirus_4",0.000385925939870856
"d__Viruses,-__dsDNA_viruses__no_RNA_stage,f__Polyomaviridae,g__Betapolyomavirus,s__Macaca_mulatta_polyomavirus_1",0.0005089969931473923
"d__Viruses,-__dsDNA_viruses__no_RNA_stage,f__Polyomaviridae,g__Deltapolyomavirus,s__Human_polyomavirus_6",8.470588235294118e-05
"d__Viruses,-__dsDNA_viruses__no_RNA_stage,f__Polyomaviridae,g__Deltapolyomavirus,s__Human_polyomavirus_7",7.531325607448481e-05
"d__Viruses,-__dsDNA_viruses__no_RNA_stage,f__Poxviridae,-__Chordopoxvirinae,g__Molluscipoxvirus,s__Molluscum_contagiosum_virus",0.011908399956625033
"d__Viruses,-__dsDNA_viruses__no_RNA_stage,f__Poxviridae,-__Chordopoxvirinae,g__Orthopoxvirus,s__Cowpox_virus",0.017133846169397636
"d__Viruses,-__dsDNA_viruses__no_RNA_stage,f__Poxviridae,-__Chordopoxvirinae,g__Orthopoxvirus,s__Ectromelia_virus",0.015290273938175421
"d__Viruses,-__dsDNA_viruses__no_RNA_stage,f__Poxviridae,-__Chordopoxvirinae,g__Orthopoxvirus,s__Monkeypox_virus",0.015069567315425447
"d__Viruses,-__dsDNA_viruses__no_RNA_stage,f__Poxviridae,-__Chordopoxvirinae,g__Orthopoxvirus,s__Vaccinia_virus",0.01606559361006898
"d__Viruses,-__dsDNA_viruses__no_RNA_stage,f__Poxviridae,-__Chordopoxvirinae,g__Orthopoxvirus,s__Variola_virus",0.014911725399170008
"d__Viruses,-__dsDNA_viruses__no_RNA_stage,f__Poxviridae,-__Chordopoxvirinae,g__Parapoxvirus,s__Orf_virus",0.013330574603925277
"d__Viruses,-__dsDNA_viruses__no_RNA_stage,f__Poxviridae,-__Chordopoxvirinae,g__Yatapoxvirus,s__Tanapox_virus",0.01154567901234568
"d__Viruses,-__dsDNA_viruses__no_RNA_stage,f__Poxviridae,-__Chordopoxvirinae,g__Yatapoxvirus,s__Yaba_monkey_tumor_virus",0.010618492725642971
"d__Viruses,-__dsDNA_viruses__no_RNA_stage,o__Herpesvirales,f__Herpesviridae,-__Alphaherpesvirinae,g__Simplexvirus,s__Cercopithecine_alphaherpesvirus_2",0.007979198507373811
"d__Viruses,-__dsDNA_viruses__no_RNA_stage,o__Herpesvirales,f__Herpesviridae,-__Alphaherpesvirinae,g__Simplexvirus,s__Human_alphaherpesvirus_1",0.009289131715892405
"d__Viruses,-__dsDNA_viruses__no_RNA_stage,o__Herpesvirales,f__Herpesviridae,-__Alphaherpesvirinae,g__Simplexvirus,s__Human_alphaherpesvirus_2",0.008861656371311385
"d__Viruses,-__dsDNA_viruses__no_RNA_stage,o__Herpesvirales,f__Herpesviridae,-__Alphaherpesvirinae,g__Simplexvirus,s__Macacine_alphaherpesvirus_1",0.008556788219491568
"d__Viruses,-__dsDNA_viruses__no_RNA_stage,o__Herpesvirales,f__Herpesviridae,-__Alphaherpesvirinae,g__Simplexvirus,s__Papiine_alphaherpesvirus_2",0.008555511341026662
"d__Viruses,-__dsDNA_viruses__no_RNA_stage,o__Herpesvirales,f__Herpesviridae,-__Alphaherpesvirinae,g__Varicellovirus,s__Human_alphaherpesvirus_3",0.007066305499941114
"d__Viruses,-__dsDNA_viruses__no_RNA_stage,o__Herpesvirales,f__Herpesviridae,-__Betaherpesvirinae,g__Cytomegalovirus,s__Cercopithecine_betaherpesvirus_5",0.004852935386069221
"d__Viruses,-__dsDNA_viruses__no_RNA_stage,o__Herpesvirales,f__Herpesviridae,-__Betaherpesvirinae,g__Cytomegalovirus,s__Human_betaherpesvirus_5",0.014422356151239843
"d__Viruses,-__dsDNA_viruses__no_RNA_stage,o__Herpesvirales,f__Herpesviridae,-__Betaherpesvirinae,g__Roseolovirus,s__Human_betaherpesvirus_6A",0.009663301970843655
"d__Viruses,-__dsDNA_viruses__no_RNA_stage,o__Herpesvirales,f__Herpesviridae,-__Betaherpesvirinae,g__Roseolovirus,s__Human_betaherpesvirus_6B",0.009773707845381703
"d__Viruses,-__dsDNA_viruses__no_RNA_stage,o__Herpesvirales,f__Herpesviridae,-__Betaherpesvirinae,g__Roseolovirus,s__Human_betaherpesvirus_7",0.008861722040243332
"d__Viruses,-__dsDNA_viruses__no_RNA_stage,o__Herpesvirales,f__Herpesviridae,-__Gammaherpesvirinae,g__Lymphocryptovirus,s__Human_gammaherpesvirus_4",0.008151986862419242
"d__Viruses,-__dsDNA_viruses__no_RNA_stage,o__Herpesvirales,f__Herpesviridae,-__Gammaherpesvirinae,g__Rhadinovirus,s__Human_gammaherpesvirus_8",0.008075953356445004
"d__Viruses,-__dsRNA_viruses,f__Picobirnaviridae,g__Picobirnavirus,s__Human_picobirnavirus",0.0003103253714500658
"d__Viruses,-__dsRNA_viruses,f__Reoviridae,-__Sedoreovirinae,g__Rotavirus,-__unclassified_rotaviruses,s__Rotavirus_I",0.0002448141766240125
"d__Viruses,-__dsRNA_viruses,f__Reoviridae,-__Sedoreovirinae,g__Rotavirus,s__Rotavirus_A",0.0016903410455143535
"d__Viruses,-__dsRNA_viruses,f__Reoviridae,-__Sedoreovirinae,g__Rotavirus,s__Rotavirus_B",0.0012160060328981477
"d__Viruses,-__dsRNA_viruses,f__Reoviridae,-__Sedoreovirinae,g__Rotavirus,s__Rotavirus_C",0.0017829730837806658
"d__Viruses,-__dsRNA_viruses,f__Reoviridae,-__Sedoreovirinae,g__Rotavirus,s__Rotavirus_F",0.00026520425463397076
"d__Viruses,-__dsRNA_viruses,f__Reoviridae,-__Sedoreovirinae,g__Rotavirus,s__Rotavirus_G",0.0004803662085919619
"d__Viruses,-__dsRNA_viruses,f__Reoviridae,-__Sedoreovirinae,g__Rotavirus,s__Rotavirus_H",0.001111393668823524
"d__Viruses,-__dsRNA_viruses,f__Reoviridae,-__Sedoreovirinae,g__Seadornavirus,s__Banna_virus",0.0009761408646355428
"d__Viruses,-__dsRNA_viruses,f__Reoviridae,-__Spinareovirinae,g__Coltivirus,s__Colorado_tick_fever_virus",0.0014649675547249899
"d__Viruses,-__ssDNA_viruses,f__Anelloviridae,-__unclassified_Anelloviridae,s__Small_anellovirus",0.00015954950727358047
"d__Viruses,-__ssDNA_viruses,f__Anelloviridae,-__unclassified_Anelloviridae,s__Torque_teno_virus",0.0006873758250863928
"d__Viruses,-__ssDNA_viruses,f__Anelloviridae,g__Alphatorquevirus,s__Torque_teno_virus_1",0.0002536020889297992
"d__Viruses,-__ssDNA_viruses,f__Anelloviridae,g__Alphatorquevirus,s__Torque_teno_virus_12",0.0001596573940156652
"d__Viruses,-__ssDNA_viruses,f__Anelloviridae,g__Alphatorquevirus,s__Torque_teno_virus_19",6.57369582570315e-05
"d__Viruses,-__ssDNA_viruses,f__Anelloviridae,g__Alphatorquevirus,s__Torque_teno_virus_2",0.0001220955350602025
"d__Viruses,-__ssDNA_viruses,f__Anelloviridae,g__Alphatorquevirus,s__Torque_teno_virus_25",0.00015959144589849984
"d__Viruses,-__ssDNA_viruses,f__Anelloviridae,g__Alphatorquevirus,s__Torque_teno_virus_27",0.000215948247533026
"d__Viruses,-__ssDNA_viruses,f__Anelloviridae,g__Alphatorquevirus,s__Torque_teno_virus_3",0.0002536068530207394
"d__Viruses,-__ssDNA_viruses,f__Anelloviridae,g__Alphatorquevirus,s__Torque_teno_virus_4",0.00019724792185225193
"d__Viruses,-__ssDNA_viruses,f__Anelloviridae,g__Alphatorquevirus,s__Torque_teno_virus_6",0.0001972368062664951
"d__Viruses,-__ssDNA_viruses,f__Anelloviridae,g__Betatorquevirus,s__Torque_teno_mini_virus_1",0.00015014592306898268
"d__Viruses,-__ssDNA_viruses,f__Anelloviridae,g__Gammatorquevirus,s__Torque_teno_midi_virus_1",0.00015953004326079408
"d__Viruses,-__ssDNA_viruses,f__Inoviridae,-__environmental_samples,s__Uncultured_phage_WW_nAnB_strain_2",0.00019689099739353822
"d__Viruses,-__ssDNA_viruses,f__Parvoviridae,-__Parvovirinae,g__Dependoparvovirus,s__Adeno_associated_dependoparvovirus_A",0.0003951416394614784
"d__Viruses,-__ssDNA_viruses,f__Parvoviridae,-__Parvovirinae,g__Dependoparvovirus,s__Adeno_associated_dependoparvovirus_B",0.00024459308177875616
"d__Viruses,-__ssDNA_viruses,f__Parvoviridae,-__Parvovirinae,g__Erythroparvovirus,s__Primate_erythroparvovirus_1",0.0002916988162673843
"d__Viruses,-__ssRNA_viruses,-__ssRNA_negative_strand_viruses,f__Arenaviridae,-__unclassified_Arenaviridae,g__Arenavirus,-__Old_world_arenaviruses,-__unclassified_Old_world_arenaviruses,s__Mopeia_Lassa_virus_reassortant_29",0.0006940548968900636
"d__Viruses,-__ssRNA_viruses,-__ssRNA_negative_strand_viruses,f__Arenaviridae,-__unclassified_Arenaviridae,s__Morogoro_mammarenavirus",0.00038778386251643354
"d__Viruses,-__ssRNA_viruses,-__ssRNA_negative_strand_viruses,f__Arenaviridae,g__Mammarenavirus,s__Allpahuayo_mammarenavirus",0.0006837152326056198
"d__Viruses,-__ssRNA_viruses,-__ssRNA_negative_strand_viruses,f__Arenaviridae,g__Mammarenavirus,s__Amapar_mammarenavirus",0.0008163265306122449
"d__Viruses,-__ssRNA_viruses,-__ssRNA_negative_strand_viruses,f__Arenaviridae,g__Mammarenavirus,s__Bear_Canyon_mammarenavirus",0.0005504883211055324
"d__Viruses,-__ssRNA_viruses,-__ssRNA_negative_strand_viruses,f__Arenaviridae,g__Mammarenavirus,s__Chapare_mammarenavirus",0.0009682471878114765
"d__Viruses,-__ssRNA_viruses,-__ssRNA_negative_strand_viruses,f__Arenaviridae,g__Mammarenavirus,s__Cupixi_mammarenavirus",0.0007973724678677881
"d__Viruses,-__ssRNA_viruses,-__ssRNA_negative_strand_viruses,f__Arenaviridae,g__Mammarenavirus,s__Flexal_mammarenavirus",0.0006360719235954203
"d__Viruses,-__ssRNA_viruses,-__ssRNA_negative_strand_viruses,f__Arenaviridae,g__Mammarenavirus,s__Gairo_mammarenavirus",0.0007699546582256823
"d__Viruses,-__ssRNA_viruses,-__ssRNA_negative_strand_viruses,f__Arenaviridae,g__Mammarenavirus,s__Guanarito_mammarenavirus",0.000949839002289112
"d__Viruses,-__ssRNA_viruses,-__ssRNA_negative_strand_viruses,f__Arenaviridae,g__Mammarenavirus,s__Ippy_mammarenavirus",0.0006938174214703226
"d__Viruses,-__ssRNA_viruses,-__ssRNA_negative_strand_viruses,f__Arenaviridae,g__Mammarenavirus,s__Junin_mammarenavirus",0.0010064565134827194
"d__Viruses,-__ssRNA_viruses,-__ssRNA_negative_strand_viruses,f__Arenaviridae,g__Mammarenavirus,s__Lassa_mammarenavirus",0.001106595691908496
"d__Viruses,-__ssRNA_viruses,-__ssRNA_negative_strand_viruses,f__Arenaviridae,g__Mammarenavirus,s__Latino_mammarenavirus",0.000560197493353589
"d__Viruses,-__ssRNA_viruses,-__ssRNA_negative_strand_viruses,f__Arenaviridae,g__Mammarenavirus,s__Lujo_mammarenavirus",0.00041752068625218247
"d__Viruses,-__ssRNA_viruses,-__ssRNA_negative_strand_viruses,f__Arenaviridae,g__Mammarenavirus,s__Luna_mammarenavirus",0.0007324334864785169
"d__Viruses,-__ssRNA_viruses,-__ssRNA_negative_strand_viruses,f__Arenaviridae,g__Mammarenavirus,s__Lunk_mammarenavirus",0.0007217336802719796
"d__Viruses,-__ssRNA_viruses,-__ssRNA_negative_strand_viruses,f__Arenaviridae,g__Mammarenavirus,s__Lymphocytic_choriomeningitis_mammarenavirus",0.0008462006541416293
"d__Viruses,-__ssRNA_viruses,-__ssRNA_negative_strand_viruses,f__Arenaviridae,g__Mammarenavirus,s__Machupo_mammarenavirus",0.000949739771302663
"d__Viruses,-__ssRNA_viruses,-__ssRNA_negative_strand_viruses,f__Arenaviridae,g__Mammarenavirus,s__Mobala_mammarenavirus",0.0006844626967830253
"d__Viruses,-__ssRNA_viruses,-__ssRNA_negative_strand_viruses,f__Arenaviridae,g__Mammarenavirus,s__Mopeia_mammarenavirus",0.0006941604937097649
"d__Viruses,-__ssRNA_viruses,-__ssRNA_negative_strand_viruses,f__Arenaviridae,g__Mammarenavirus,s__Oliveros_mammarenavirus",0.0005886877011745269
"d__Viruses,-__ssRNA_viruses,-__ssRNA_negative_strand_viruses,f__Arenaviridae,g__Mammarenavirus,s__Parana_mammarenavirus",0.000607579554947976
"d__Viruses,-__ssRNA_viruses,-__ssRNA_negative_strand_viruses,f__Arenaviridae,g__Mammarenavirus,s__Pichinde_mammarenavirus",0.0008163342793951532
"d__Viruses,-__ssRNA_viruses,-__ssRNA_negative_strand_viruses,f__Arenaviridae,g__Mammarenavirus,s__Pirital_mammarenavirus",0.0007214185366594525
"d__Viruses,-__ssRNA_viruses,-__ssRNA_negative_strand_viruses,f__Arenaviridae,g__Mammarenavirus,s__Sabia_mammarenavirus",0.0009869513641755634
"d__Viruses,-__ssRNA_viruses,-__ssRNA_negative_strand_viruses,f__Arenaviridae,g__Mammarenavirus,s__Tacaribe_mammarenavirus",0.000864000607648779
"d__Viruses,-__ssRNA_viruses,-__ssRNA_negative_strand_viruses,f__Arenaviridae,g__Mammarenavirus,s__Tamiami_mammarenavirus",0.0005030658541678531
"d__Viruses,-__ssRNA_viruses,-__ssRNA_negative_strand_viruses,f__Arenaviridae,g__Mammarenavirus,s__Whitewater_Arroyo_mammarenavirus",0.0005982849165724922
"d__Viruses,-__ssRNA_viruses,-__ssRNA_negative_strand_viruses,f__Arenaviridae,g__Reptarenavirus,s__Alethinophid_1_reptarenavirus",3.766442877185714e-05
"d__Viruses,-__ssRNA_viruses,-__ssRNA_negative_strand_viruses,f__Orthomyxoviridae,g__Influenzavirus_A,s__Influenza_A_virus",0.001501038798373709
"d__Viruses,-__ssRNA_viruses,-__ssRNA_negative_strand_viruses,f__Orthomyxoviridae,g__Influenzavirus_B,s__Influenza_B_virus",0.000855124430321935
"d__Viruses,-__ssRNA_viruses,-__ssRNA_negative_strand_viruses,f__Orthomyxoviridae,g__Influenzavirus_C,s__Influenza_C_virus",0.0006857534716269502
"d__Viruses,-__ssRNA_viruses,-__ssRNA_negative_strand_viruses,f__Orthomyxoviridae,g__Thogotovirus,s__Dhori_virus",0.0003761590400421298
"d__Viruses,-__ssRNA_viruses,-__ssRNA_negative_strand_viruses,o__Bunyavirales,f__Hantaviridae,g__Orthohantavirus,-__unclassified_Orthohantavirus,-__unclassified_Hantavirus,s__Hantavirus_Z10",0.0008310981829171546
"d__Viruses,-__ssRNA_viruses,-__ssRNA_negative_strand_viruses,o__Bunyavirales,f__Hantaviridae,g__Orthohantavirus,s__Bowe_orthohantavirus",0.000632917371220208
"d__Viruses,-__ssRNA_viruses,-__ssRNA_negative_strand_viruses,o__Bunyavirales,f__Hantaviridae,g__Orthohantavirus,s__Bruges_orthohantavirus",0.0006423821039903265
"d__Viruses,-__ssRNA_viruses,-__ssRNA_negative_strand_viruses,o__Bunyavirales,f__Hantaviridae,g__Orthohantavirus,s__Cao_Bang_orthohantavirus",0.0006612444620776301
"d__Viruses,-__ssRNA_viruses,-__ssRNA_negative_strand_viruses,o__Bunyavirales,f__Hantaviridae,g__Orthohantavirus,s__Dobrava_Belgrade_orthohantavirus",0.0008408601337817921
"d__Viruses,-__ssRNA_viruses,-__ssRNA_negative_strand_viruses,o__Bunyavirales,f__Hantaviridae,g__Orthohantavirus,s__Fugong_orthohantavirus",0.0008123246653883573
"d__Viruses,-__ssRNA_viruses,-__ssRNA_negative_strand_viruses,o__Bunyavirales,f__Hantaviridae,g__Orthohantavirus,s__Hantaan_orthohantavirus",0.0008217004476850715
"d__Viruses,-__ssRNA_viruses,-__ssRNA_negative_strand_viruses,o__Bunyavirales,f__Hantaviridae,g__Orthohantavirus,s__Jeju_orthohantavirus",0.0006706591351330927
"d__Viruses,-__ssRNA_viruses,-__ssRNA_negative_strand_viruses,o__Bunyavirales,f__Hantaviridae,g__Orthohantavirus,s__Montano_orthohantavirus",0.0008217547770399827
"d__Viruses,-__ssRNA_viruses,-__ssRNA_negative_strand_viruses,o__Bunyavirales,f__Hantaviridae,g__Orthohantavirus,s__Nova_orthohantavirus",0.00043438845659892725
"d__Viruses,-__ssRNA_viruses,-__ssRNA_negative_strand_viruses,o__Bunyavirales,f__Hantaviridae,g__Orthohantavirus,s__Puumala_orthohantavirus",0.0008218091135796872
"d__Viruses,-__ssRNA_viruses,-__ssRNA_negative_strand_viruses,o__Bunyavirales,f__Hantaviridae,g__Orthohantavirus,s__Quezon_orthohantavirus",0.0004720944944340059
"d__Viruses,-__ssRNA_viruses,-__ssRNA_negative_strand_viruses,o__Bunyavirales,f__Hantaviridae,g__Orthohantavirus,s__Seoul_orthohantavirus",0.0008404948531494947
"d__Viruses,-__ssRNA_viruses,-__ssRNA_negative_strand_viruses,o__Bunyavirales,f__Hantaviridae,g__Orthohantavirus,s__Sin_Nombre_orthohantavirus",0.0008500108612498938
"d__Viruses,-__ssRNA_viruses,-__ssRNA_negative_strand_viruses,o__Bunyavirales,f__Hantaviridae,g__Orthohantavirus,s__Tula_orthohantavirus",0.0008217780632485737
"d__Viruses,-__ssRNA_viruses,-__ssRNA_negative_strand_viruses,o__Bunyavirales,f__Nairoviridae,g__Orthonairovirus,-__unclassified_Nairovirus,s__Tofla_virus",0.000772411714283023
"d__Viruses,-__ssRNA_viruses,-__ssRNA_negative_strand_viruses,o__Bunyavirales,f__Nairoviridae,g__Orthonairovirus,-__unclassified_Nairovirus,s__Yogue_virus",0.0002729360388510334
"d__Viruses,-__ssRNA_viruses,-__ssRNA_negative_strand_viruses,o__Bunyavirales,f__Nairoviridae,g__Orthonairovirus,s__Crimean_Congo_hemorrhagic_fever_orthonairovirus",0.0012148608560531148
"d__Viruses,-__ssRNA_viruses,-__ssRNA_negative_strand_viruses,o__Bunyavirales,f__Nairoviridae,g__Orthonairovirus,s__Dugbe_orthonairovirus",0.0012147578959263235
"d__Viruses,-__ssRNA_viruses,-__ssRNA_negative_strand_viruses,o__Bunyavirales,f__Nairoviridae,g__Orthonairovirus,s__Keterah_orthonairovirus",0.00021644817948259475
"d__Viruses,-__ssRNA_viruses,-__ssRNA_negative_strand_viruses,o__Bunyavirales,f__Nairoviridae,g__Orthonairovirus,s__Nairobi_sheep_disease_orthonairovirus",0.0011493928002788692
"d__Viruses,-__ssRNA_viruses,-__ssRNA_negative_strand_viruses,o__Bunyavirales,f__Nairoviridae,g__Orthonairovirus,s__Thiafora_orthonairovirus",0.0003484484625888779
"d__Viruses,-__ssRNA_viruses,-__ssRNA_negative_strand_viruses,o__Bunyavirales,f__Peribunyaviridae,g__Orthobunyavirus,-__unclassified_Orthobunyavirus,s__Brazoran_virus",0.00031140595068462125
"d__Viruses,-__ssRNA_viruses,-__ssRNA_negative_strand_viruses,o__Bunyavirales,f__Peribunyaviridae,g__Orthobunyavirus,s__Akabane_orthobunyavirus",0.00045350616957351523
"d__Viruses,-__ssRNA_viruses,-__ssRNA_negative_strand_viruses,o__Bunyavirales,f__Peribunyaviridae,g__Orthobunyavirus,s__Bunyamwera_orthobunyavirus",0.0009169802045716662
"d__Viruses,-__ssRNA_viruses,-__ssRNA_negative_strand_viruses,o__Bunyavirales,f__Peribunyaviridae,g__Orthobunyavirus,s__Bwamba_orthobunyavirus",0.000604303775954375
"d__Viruses,-__ssRNA_viruses,-__ssRNA_negative_strand_viruses,o__Bunyavirales,f__Peribunyaviridae,g__Orthobunyavirus,s__California_encephalitis_orthobunyavirus",0.0009559415077374473
"d__Viruses,-__ssRNA_viruses,-__ssRNA_negative_strand_viruses,o__Bunyavirales,f__Peribunyaviridae,g__Orthobunyavirus,s__Capim_orthobunyavirus",0.0003114382785956965
"d__Viruses,-__ssRNA_viruses,-__ssRNA_negative_strand_viruses,o__Bunyavirales,f__Peribunyaviridae,g__Orthobunyavirus,s__Caraparu_orthobunyavirus",0.0003493004550346468
"d__Viruses,-__ssRNA_viruses,-__ssRNA_negative_strand_viruses,o__Bunyavirales,f__Peribunyaviridae,g__Orthobunyavirus,s__Guaroa_orthobunyavirus",0.00045314225834773006
"d__Viruses,-__ssRNA_viruses,-__ssRNA_negative_strand_viruses,o__Bunyavirales,f__Peribunyaviridae,g__Orthobunyavirus,s__Kaeng_Khoi_orthobunyavirus",0.0004907743853522721
"d__Viruses,-__ssRNA_viruses,-__ssRNA_negative_strand_viruses,o__Bunyavirales,f__Peribunyaviridae,g__Orthobunyavirus,s__Madrid_orthobunyavirus",0.0003304131107922362
"d__Viruses,-__ssRNA_viruses,-__ssRNA_negative_strand_viruses,o__Bunyavirales,f__Peribunyaviridae,g__Orthobunyavirus,s__Manzanilla_orthobunyavirus",0.0008878142768091577
"d__Viruses,-__ssRNA_viruses,-__ssRNA_negative_strand_viruses,o__Bunyavirales,f__Peribunyaviridae,g__Orthobunyavirus,s__Marituba_orthobunyavirus",0.0003303569743076662
"d__Viruses,-__ssRNA_viruses,-__ssRNA_negative_strand_viruses,o__Bunyavirales,f__Peribunyaviridae,g__Orthobunyavirus,s__Nyando_orthobunyavirus",0.00043424083374240076
"d__Viruses,-__ssRNA_viruses,-__ssRNA_negative_strand_viruses,o__Bunyavirales,f__Peribunyaviridae,g__Orthobunyavirus,s__Oriboca_orthobunyavirus",0.00034920155536260334
"d__Viruses,-__ssRNA_viruses,-__ssRNA_negative_strand_viruses,o__Bunyavirales,f__Peribunyaviridae,g__Orthobunyavirus,s__Oropouche_orthobunyavirus",0.0011616595676359755
"d__Viruses,-__ssRNA_viruses,-__ssRNA_negative_strand_viruses,o__Bunyavirales,f__Peribunyaviridae,g__Orthobunyavirus,s__Sathuperi_orthobunyavirus",0.0004816955684007707
"d__Viruses,-__ssRNA_viruses,-__ssRNA_negative_strand_viruses,o__Bunyavirales,f__Peribunyaviridae,g__Orthobunyavirus,s__Shamonda_orthobunyavirus",0.00046284489028686936
"d__Viruses,-__ssRNA_viruses,-__ssRNA_negative_strand_viruses,o__Bunyavirales,f__Peribunyaviridae,g__Orthobunyavirus,s__Shuni_orthobunyavirus",0.0004344294807623293
"d__Viruses,-__ssRNA_viruses,-__ssRNA_negative_strand_viruses,o__Bunyavirales,f__Peribunyaviridae,g__Orthobunyavirus,s__Simbu_orthobunyavirus",0.0005004532406707962
"d__Viruses,-__ssRNA_viruses,-__ssRNA_negative_strand_viruses,o__Bunyavirales,f__Peribunyaviridae,g__Orthobunyavirus,s__Tete_orthobunyavirus",0.00040599743183019867
"d__Viruses,-__ssRNA_viruses,-__ssRNA_negative_strand_viruses,o__Bunyavirales,f__Peribunyaviridae,g__Orthobunyavirus,s__Wyeomyia_orthobunyavirus",0.0006703741820962884
"d__Viruses,-__ssRNA_viruses,-__ssRNA_negative_strand_viruses,o__Bunyavirales,f__Phenuiviridae,g__Phlebovirus,-__unclassified_Phlebovirus,s__Aguacate_virus",0.0003868690967078383
"d__Viruses,-__ssRNA_viruses,-__ssRNA_negative_strand_viruses,o__Bunyavirales,f__Phenuiviridae,g__Phlebovirus,-__unclassified_Phlebovirus,s__Ambe_virus",0.00039600973052480716
"d__Viruses,-__ssRNA_viruses,-__ssRNA_negative_strand_viruses,o__Bunyavirales,f__Phenuiviridae,g__Phlebovirus,-__unclassified_Phlebovirus,s__Anhanga_virus",0.0003866137351601618
"d__Viruses,-__ssRNA_viruses,-__ssRNA_negative_strand_viruses,o__Bunyavirales,f__Phenuiviridae,g__Phlebovirus,-__unclassified_Phlebovirus,s__Arumowot_virus",0.00026398657439707354
"d__Viruses,-__ssRNA_viruses,-__ssRNA_negative_strand_viruses,o__Bunyavirales,f__Phenuiviridae,g__Phlebovirus,-__unclassified_Phlebovirus,s__Heartland_virus",6.586189701081076e-05
"d__Viruses,-__ssRNA_viruses,-__ssRNA_negative_strand_viruses,o__Bunyavirales,f__Phenuiviridae,g__Phlebovirus,-__unclassified_Phlebovirus,s__Sandfly_fever_Sicilian_virus",0.0008013500391247372
"d__Viruses,-__ssRNA_viruses,-__ssRNA_negative_strand_viruses,o__Bunyavirales,f__Phenuiviridae,g__Phlebovirus,-__unclassified_Phlebovirus,s__Tapara_virus",0.00031117104034851154
"d__Viruses,-__ssRNA_viruses,-__ssRNA_negative_strand_viruses,o__Bunyavirales,f__Phenuiviridae,g__Phlebovirus,-__unclassified_Phlebovirus,s__Toros_virus",0.0004514417922239151
"d__Viruses,-__ssRNA_viruses,-__ssRNA_negative_strand_viruses,o__Bunyavirales,f__Phenuiviridae,g__Phlebovirus,-__unclassified_Phlebovirus,s__Uriurana_virus",0.00033010148262723057
"d__Viruses,-__ssRNA_viruses,-__ssRNA_negative_strand_viruses,o__Bunyavirales,f__Phenuiviridae,g__Phlebovirus,-__unclassified_Phlebovirus,s__Urucuri_virus",0.0003206488423633706
"d__Viruses,-__ssRNA_viruses,-__ssRNA_negative_strand_viruses,o__Bunyavirales,f__Phenuiviridae,g__Phlebovirus,-__unclassified_Phlebovirus,s__Zerdali_virus",0.00043260323700074297
"d__Viruses,-__ssRNA_viruses,-__ssRNA_negative_strand_viruses,o__Bunyavirales,f__Phenuiviridae,g__Phlebovirus,s__Bujaru_phlebovirus",0.0003395457632234211
"d__Viruses,-__ssRNA_viruses,-__ssRNA_negative_strand_viruses,o__Bunyavirales,f__Phenuiviridae,g__Phlebovirus,s__Candiru_phlebovirus",0.00045331343791022506
"d__Viruses,-__ssRNA_viruses,-__ssRNA_negative_strand_viruses,o__Bunyavirales,f__Phenuiviridae,g__Phlebovirus,s__Punta_Toro_phlebovirus",0.0006133985108571537
"d__Viruses,-__ssRNA_viruses,-__ssRNA_negative_strand_viruses,o__Bunyavirales,f__Phenuiviridae,g__Phlebovirus,s__Rift_Valley_fever_phlebovirus",0.0007830484169213933
"d__Viruses,-__ssRNA_viruses,-__ssRNA_negative_strand_viruses,o__Bunyavirales,f__Phenuiviridae,g__Phlebovirus,s__SFTS_phlebovirus",5.648972828440695e-05
"d__Viruses,-__ssRNA_viruses,-__ssRNA_negative_strand_viruses,o__Bunyavirales,f__Phenuiviridae,g__Phlebovirus,s__Salehabad_phlebovirus",0.0003300890297268749
"d__Viruses,-__ssRNA_viruses,-__ssRNA_negative_strand_viruses,o__Bunyavirales,f__Phenuiviridae,g__Phlebovirus,s__Sandfly_fever_Naples_phlebovirus",0.000990846465980938
"d__Viruses,-__ssRNA_viruses,-__ssRNA_negative_strand_viruses,o__Bunyavirales,f__Phenuiviridae,g__Phlebovirus,s__Uukuniemi_phlebovirus",0.000744643749234148
"d__Viruses,-__ssRNA_viruses,-__ssRNA_negative_strand_viruses,o__Mononegavirales,f__Filoviridae,g__Cuevavirus,s__Lloviu_cuevavirus",0.0006100060047466092
"d__Viruses,-__ssRNA_viruses,-__ssRNA_negative_strand_viruses,o__Mononegavirales,f__Filoviridae,g__Ebolavirus,s__Bundibugyo_ebolavirus",0.0010986911244864814
"d__Viruses,-__ssRNA_viruses,-__ssRNA_negative_strand_viruses,o__Mononegavirales,f__Filoviridae,g__Ebolavirus,s__Reston_ebolavirus",0.001079738187377574
"d__Viruses,-__ssRNA_viruses,-__ssRNA_negative_strand_viruses,o__Mononegavirales,f__Filoviridae,g__Ebolavirus,s__Sudan_ebolavirus",0.0010889812294024932
"d__Viruses,-__ssRNA_viruses,-__ssRNA_negative_strand_viruses,o__Mononegavirales,f__Filoviridae,g__Ebolavirus,s__Tai_Forest_ebolavirus",0.0011177774380923264
"d__Viruses,-__ssRNA_viruses,-__ssRNA_negative_strand_viruses,o__Mononegavirales,f__Filoviridae,g__Ebolavirus,s__Zaire_ebolavirus",0.0012526655000621551
"d__Viruses,-__ssRNA_viruses,-__ssRNA_negative_strand_viruses,o__Mononegavirales,f__Filoviridae,g__Marburgvirus,s__Marburg_marburgvirus",0.00099096695506346
"d__Viruses,-__ssRNA_viruses,-__ssRNA_negative_strand_viruses,o__Mononegavirales,f__Paramyxoviridae,-__unclassified_Paramyxoviridae,s__Beilong_virus",0.0003406993801164056
"d__Viruses,-__ssRNA_viruses,-__ssRNA_negative_strand_viruses,o__Mononegavirales,f__Paramyxoviridae,-__unclassified_Paramyxoviridae,s__J_virus",0.00035952845005392925
"d__Viruses,-__ssRNA_viruses,-__ssRNA_negative_strand_viruses,o__Mononegavirales,f__Paramyxoviridae,-__unclassified_Paramyxoviridae,s__Mossman_virus",0.00037805396720381833
"d__Viruses,-__ssRNA_viruses,-__ssRNA_negative_strand_viruses,o__Mononegavirales,f__Paramyxoviridae,-__unclassified_Paramyxoviridae,s__Nariva_virus",0.0004065847823825868
"d__Viruses,-__ssRNA_viruses,-__ssRNA_negative_strand_viruses,o__Mononegavirales,f__Paramyxoviridae,-__unclassified_Paramyxoviridae,s__Salem_virus",0.00034973958579490136
"d__Viruses,-__ssRNA_viruses,-__ssRNA_negative_strand_viruses,o__Mononegavirales,f__Paramyxoviridae,-__unclassified_Paramyxoviridae,s__Tailam_virus",0.0003407348514963939
"d__Viruses,-__ssRNA_viruses,-__ssRNA_negative_strand_viruses,o__Mononegavirales,f__Paramyxoviridae,-__unclassified_Paramyxoviridae,s__Tupaia_paramyxovirus",0.00034039334341906205
"d__Viruses,-__ssRNA_viruses,-__ssRNA_negative_strand_viruses,o__Mononegavirales,f__Paramyxoviridae,g__Aquaparamyxovirus,s__Salmon_aquaparamyxovirus",0.0002931968864382253
"d__Viruses,-__ssRNA_viruses,-__ssRNA_negative_strand_viruses,o__Mononegavirales,f__Paramyxoviridae,g__Avulavirus,-__unclassified_Avulavirus,s__Avian_paramyxovirus_13",6.611570247933885e-05
"d__Viruses,-__ssRNA_viruses,-__ssRNA_negative_strand_viruses,o__Mononegavirales,f__Paramyxoviridae,g__Avulavirus,-__unclassified_Avulavirus,s__Goose_paramyxovirus_SF02",9.441533305008733e-05
"d__Viruses,-__ssRNA_viruses,-__ssRNA_negative_strand_viruses,o__Mononegavirales,f__Paramyxoviridae,g__Avulavirus,s__Avian_avulavirus_1",0.00021879340195201765
"d__Viruses,-__ssRNA_viruses,-__ssRNA_negative_strand_viruses,o__Mononegavirales,f__Paramyxoviridae,g__Avulavirus,s__Avian_avulavirus_10",0.00016998130205677376
"d__Viruses,-__ssRNA_viruses,-__ssRNA_negative_strand_viruses,o__Mononegavirales,f__Paramyxoviridae,g__Avulavirus,s__Avian_avulavirus_11",0.00016062739169461898
"d__Viruses,-__ssRNA_viruses,-__ssRNA_negative_strand_viruses,o__Mononegavirales,f__Paramyxoviridae,g__Avulavirus,s__Avian_avulavirus_12",4.722683995768475e-05
"d__Viruses,-__ssRNA_viruses,-__ssRNA_negative_strand_viruses,o__Mononegavirales,f__Paramyxoviridae,g__Avulavirus,s__Avian_avulavirus_3",0.00013222640939185296
"d__Viruses,-__ssRNA_viruses,-__ssRNA_negative_strand_viruses,o__Mononegavirales,f__Paramyxoviridae,g__Avulavirus,s__Avian_avulavirus_4",0.00015113588060265432
"d__Viruses,-__ssRNA_viruses,-__ssRNA_negative_strand_viruses,o__Mononegavirales,f__Paramyxoviridae,g__Avulavirus,s__Avian_avulavirus_5",0.00015124731772334974
"d__Viruses,-__ssRNA_viruses,-__ssRNA_negative_strand_viruses,o__Mononegavirales,f__Paramyxoviridae,g__Avulavirus,s__Avian_avulavirus_6",0.0003257079357780588
"d__Viruses,-__ssRNA_viruses,-__ssRNA_negative_strand_viruses,o__Mononegavirales,f__Paramyxoviridae,g__Avulavirus,s__Avian_avulavirus_7",0.00020792378648117345
"d__Viruses,-__ssRNA_viruses,-__ssRNA_negative_strand_viruses,o__Mononegavirales,f__Paramyxoviridae,g__Avulavirus,s__Avian_avulavirus_8",0.00016059097478721696
"d__Viruses,-__ssRNA_viruses,-__ssRNA_negative_strand_viruses,o__Mononegavirales,f__Paramyxoviridae,g__Avulavirus,s__Avian_avulavirus_9",0.0001132994693808184
"d__Viruses,-__ssRNA_viruses,-__ssRNA_negative_strand_viruses,o__Mononegavirales,f__Paramyxoviridae,g__Ferlavirus,s__Reptilian_ferlavirus",0.0002554350911051825
"d__Viruses,-__ssRNA_viruses,-__ssRNA_negative_strand_viruses,o__Mononegavirales,f__Paramyxoviridae,g__Henipavirus,s__Cedar_henipavirus",0.00047282218103415665
"d__Viruses,-__ssRNA_viruses,-__ssRNA_negative_strand_viruses,o__Mononegavirales,f__Paramyxoviridae,g__Henipavirus,s__Hendra_henipavirus",0.0010793308148947653
"d__Viruses,-__ssRNA_viruses,-__ssRNA_negative_strand_viruses,o__Mononegavirales,f__Paramyxoviridae,g__Henipavirus,s__Mojiang_henipavirus",0.0004917908753877581
"d__Viruses,-__ssRNA_viruses,-__ssRNA_negative_strand_viruses,o__Mononegavirales,f__Paramyxoviridae,g__Henipavirus,s__Nipah_henipavirus",0.00107002509350883
"d__Viruses,-__ssRNA_viruses,-__ssRNA_negative_strand_viruses,o__Mononegavirales,f__Paramyxoviridae,g__Morbillivirus,s__Canine_morbillivirus",0.00074833991683007
"d__Viruses,-__ssRNA_viruses,-__ssRNA_negative_strand_viruses,o__Mononegavirales,f__Paramyxoviridae,g__Morbillivirus,s__Cetacean_morbillivirus",0.000738063246342802
"d__Viruses,-__ssRNA_viruses,-__ssRNA_negative_strand_viruses,o__Mononegavirales,f__Paramyxoviridae,g__Morbillivirus,s__Feline_morbillivirus",0.00048232879692066164
"d__Viruses,-__ssRNA_viruses,-__ssRNA_negative_strand_viruses,o__Mononegavirales,f__Paramyxoviridae,g__Morbillivirus,s__Measles_morbillivirus",0.0010326957147864973
"d__Viruses,-__ssRNA_viruses,-__ssRNA_negative_strand_viruses,o__Mononegavirales,f__Paramyxoviridae,g__Morbillivirus,s__Phocine_morbillivirus",0.000719267861029878
"d__Viruses,-__ssRNA_viruses,-__ssRNA_negative_strand_viruses,o__Mononegavirales,f__Paramyxoviridae,g__Morbillivirus,s__Rinderpest_morbillivirus",0.000823824629515648
"d__Viruses,-__ssRNA_viruses,-__ssRNA_negative_strand_viruses,o__Mononegavirales,f__Paramyxoviridae,g__Morbillivirus,s__Small_ruminant_morbillivirus",0.0008245663918112027
"d__Viruses,-__ssRNA_viruses,-__ssRNA_negative_strand_viruses,o__Mononegavirales,f__Paramyxoviridae,g__Respirovirus,s__Bovine_respirovirus_3",0.0009848018559727287
"d__Viruses,-__ssRNA_viruses,-__ssRNA_negative_strand_viruses,o__Mononegavirales,f__Paramyxoviridae,g__Respirovirus,s__Human_respirovirus_1",0.0008516839684687669
"d__Viruses,-__ssRNA_viruses,-__ssRNA_negative_strand_viruses,o__Mononegavirales,f__Paramyxoviridae,g__Respirovirus,s__Human_respirovirus_3",0.0009938758317794164
"d__Viruses,-__ssRNA_viruses,-__ssRNA_negative_strand_viruses,o__Mononegavirales,f__Paramyxoviridae,g__Respirovirus,s__Murine_respirovirus",0.0007857764986556595
"d__Viruses,-__ssRNA_viruses,-__ssRNA_negative_strand_viruses,o__Mononegavirales,f__Paramyxoviridae,g__Respirovirus,s__Porcine_respirovirus_1",0.0006999356815860164
"d__Viruses,-__ssRNA_viruses,-__ssRNA_negative_strand_viruses,o__Mononegavirales,f__Paramyxoviridae,g__Rubulavirus,s__Achimota_rubulavirus_1",0.000415993041570941
"d__Viruses,-__ssRNA_viruses,-__ssRNA_negative_strand_viruses,o__Mononegavirales,f__Paramyxoviridae,g__Rubulavirus,s__Achimota_rubulavirus_2",0.0004821372862288356
"d__Viruses,-__ssRNA_viruses,-__ssRNA_negative_strand_viruses,o__Mononegavirales,f__Paramyxoviridae,g__Rubulavirus,s__Human_rubulavirus_2",0.0011066027296200663
"d__Viruses,-__ssRNA_viruses,-__ssRNA_negative_strand_viruses,o__Mononegavirales,f__Paramyxoviridae,g__Rubulavirus,s__Human_rubulavirus_4",0.0007574466473517772
"d__Viruses,-__ssRNA_viruses,-__ssRNA_negative_strand_viruses,o__Mononegavirales,f__Paramyxoviridae,g__Rubulavirus,s__Mammalian_rubulavirus_5",0.0011544503113230758
"d__Viruses,-__ssRNA_viruses,-__ssRNA_negative_strand_viruses,o__Mononegavirales,f__Paramyxoviridae,g__Rubulavirus,s__Menangle_rubulavirus",0.0003873588738249327
"d__Viruses,-__ssRNA_viruses,-__ssRNA_negative_strand_viruses,o__Mononegavirales,f__Paramyxoviridae,g__Rubulavirus,s__Mumps_rubulavirus",0.001098162471244237
"d__Viruses,-__ssRNA_viruses,-__ssRNA_negative_strand_viruses,o__Mononegavirales,f__Paramyxoviridae,g__Rubulavirus,s__Porcine_rubulavirus",0.0004920701010636284
"d__Viruses,-__ssRNA_viruses,-__ssRNA_negative_strand_viruses,o__Mononegavirales,f__Paramyxoviridae,g__Rubulavirus,s__Sosuga_rubulavirus",0.0003497329741481166
"d__Viruses,-__ssRNA_viruses,-__ssRNA_negative_strand_viruses,o__Mononegavirales,f__Paramyxoviridae,g__Rubulavirus,s__Tioman_rubulavirus",0.00036853295535081503
"d__Viruses,-__ssRNA_viruses,-__ssRNA_negative_strand_viruses,o__Mononegavirales,f__Paramyxoviridae,g__Rubulavirus,s__Tuhoko_rubulavirus_1",0.00039702796211218874
"d__Viruses,-__ssRNA_viruses,-__ssRNA_negative_strand_viruses,o__Mononegavirales,f__Paramyxoviridae,g__Rubulavirus,s__Tuhoko_rubulavirus_2",0.0004066347663268587
"d__Viruses,-__ssRNA_viruses,-__ssRNA_negative_strand_viruses,o__Mononegavirales,f__Paramyxoviridae,g__Rubulavirus,s__Tuhoko_rubulavirus_3",0.00035923275446441235
"d__Viruses,-__ssRNA_viruses,-__ssRNA_negative_strand_viruses,o__Mononegavirales,f__Pneumoviridae,g__Metapneumovirus,s__Human_metapneumovirus",0.0007720553620186423
"d__Viruses,-__ssRNA_viruses,-__ssRNA_negative_strand_viruses,o__Mononegavirales,f__Pneumoviridae,g__Orthopneumovirus,s__Human_orthopneumovirus",0.0011098673850765523
"d__Viruses,-__ssRNA_viruses,-__ssRNA_negative_strand_viruses,o__Mononegavirales,f__Pneumoviridae,g__Pneumovirus,-__unclassified_Pneumovirus,s__Respiratory_syncytial_virus",0.0011182714177407126
"d__Viruses,-__ssRNA_viruses,-__ssRNA_negative_strand_viruses,o__Mononegavirales,f__Rhabdoviridae,g__Ledantevirus,s__Le_Dantec_ledantevirus",0.00014150676402332031
"d__Viruses,-__ssRNA_viruses,-__ssRNA_negative_strand_viruses,o__Mononegavirales,f__Rhabdoviridae,g__Lyssavirus,-__unclassified_Lyssavirus,s__Lleida_bat_lyssavirus",0.0005782867543892913
"d__Viruses,-__ssRNA_viruses,-__ssRNA_negative_strand_viruses,o__Mononegavirales,f__Rhabdoviridae,g__Lyssavirus,-__unclassified_Lyssavirus,s__Lyssavirus_Ozernoe",0.0008250903331657863
"d__Viruses,-__ssRNA_viruses,-__ssRNA_negative_strand_viruses,o__Mononegavirales,f__Rhabdoviridae,g__Lyssavirus,s__Aravan_lyssavirus",0.000853501251801836
"d__Viruses,-__ssRNA_viruses,-__ssRNA_negative_strand_viruses,o__Mononegavirales,f__Rhabdoviridae,g__Lyssavirus,s__Australian_bat_lyssavirus",0.0008630255208975466
"d__Viruses,-__ssRNA_viruses,-__ssRNA_negative_strand_viruses,o__Mononegavirales,f__Rhabdoviridae,g__Lyssavirus,s__Bokeloh_bat_lyssavirus",0.0008723852149670959
"d__Viruses,-__ssRNA_viruses,-__ssRNA_negative_strand_viruses,o__Mononegavirales,f__Rhabdoviridae,g__Lyssavirus,s__Duvenhage_lyssavirus",0.0008249886208466091
"d__Viruses,-__ssRNA_viruses,-__ssRNA_negative_strand_viruses,o__Mononegavirales,f__Rhabdoviridae,g__Lyssavirus,s__European_bat_1_lyssavirus",0.0008631073762484232
"d__Viruses,-__ssRNA_viruses,-__ssRNA_negative_strand_viruses,o__Mononegavirales,f__Rhabdoviridae,g__Lyssavirus,s__European_bat_2_lyssavirus",0.0008630582611747076
"d__Viruses,-__ssRNA_viruses,-__ssRNA_negative_strand_viruses,o__Mononegavirales,f__Rhabdoviridae,g__Lyssavirus,s__Ikoma_lyssavirus",0.0005689306947592001
"d__Viruses,-__ssRNA_viruses,-__ssRNA_negative_strand_viruses,o__Mononegavirales,f__Rhabdoviridae,g__Lyssavirus,s__Irkut_lyssavirus",0.0008250903331657863
"d__Viruses,-__ssRNA_viruses,-__ssRNA_negative_strand_viruses,o__Mononegavirales,f__Rhabdoviridae,g__Lyssavirus,s__Khujand_lyssavirus",0.0008345503859795535
"d__Viruses,-__ssRNA_viruses,-__ssRNA_negative_strand_viruses,o__Mononegavirales,f__Rhabdoviridae,g__Lyssavirus,s__Lagos_bat_lyssavirus",0.0008916375777811504
"d__Viruses,-__ssRNA_viruses,-__ssRNA_negative_strand_viruses,o__Mononegavirales,f__Rhabdoviridae,g__Lyssavirus,s__Mokola_lyssavirus",0.0008159160555202414
"d__Viruses,-__ssRNA_viruses,-__ssRNA_negative_strand_viruses,o__Mononegavirales,f__Rhabdoviridae,g__Lyssavirus,s__Rabies_lyssavirus",0.0009822058627200426
"d__Viruses,-__ssRNA_viruses,-__ssRNA_negative_strand_viruses,o__Mononegavirales,f__Rhabdoviridae,g__Lyssavirus,s__Shimoni_bat_lyssavirus",0.0007969261420236232
"d__Viruses,-__ssRNA_viruses,-__ssRNA_negative_strand_viruses,o__Mononegavirales,f__Rhabdoviridae,g__Lyssavirus,s__West_Caucasian_bat_lyssavirus",0.0006921727587351254
"d__Viruses,-__ssRNA_viruses,-__ssRNA_negative_strand_viruses,o__Mononegavirales,f__Rhabdoviridae,g__Vesiculovirus,s__Chandipura_vesiculovirus",0.000746621302334373
"d__Viruses,-__ssRNA_viruses,-__ssRNA_negative_strand_viruses,o__Mononegavirales,f__Rhabdoviridae,g__Vesiculovirus,s__Indiana_vesiculovirus",0.0007749813342910339
"d__Viruses,-__ssRNA_viruses,-__ssRNA_negative_strand_viruses,o__Mononegavirales,f__Rhabdoviridae,g__Vesiculovirus,s__Isfahan_vesiculovirus",0.0007559936118539799
"d__Viruses,-__ssRNA_viruses,-__ssRNA_negative_strand_viruses,o__Mononegavirales,f__Rhabdoviridae,g__Vesiculovirus,s__Jurona_vesiculovirus",0.0005008268367588
"d__Viruses,-__ssRNA_viruses,-__ssRNA_negative_strand_viruses,o__Mononegavirales,f__Rhabdoviridae,g__Vesiculovirus,s__Maraba_vesiculovirus",0.0007465648566406471
"d__Viruses,-__ssRNA_viruses,-__ssRNA_positive_strand_viruses__no_DNA_stage,f__Astroviridae,-__unclassified_Astroviridae,s__Astrovirus_MLB1",6.576475009394964e-05
"d__Viruses,-__ssRNA_viruses,-__ssRNA_positive_strand_viruses__no_DNA_stage,f__Astroviridae,-__unclassified_Astroviridae,s__Astrovirus_MLB3",6.576845744780802e-05
"d__Viruses,-__ssRNA_viruses,-__ssRNA_positive_strand_viruses__no_DNA_stage,f__Astroviridae,-__unclassified_Astroviridae,s__Human_astrovirus",0.0005371277798718432
"d__Viruses,-__ssRNA_viruses,-__ssRNA_positive_strand_viruses__no_DNA_stage,f__Astroviridae,g__Mamastrovirus,s__Mamastrovirus_1",0.0006788226198781891
"d__Viruses,-__ssRNA_viruses,-__ssRNA_positive_strand_viruses__no_DNA_stage,f__Caliciviridae,g__Norovirus,s__Norwalk_virus",0.001027895954087314
"d__Viruses,-__ssRNA_viruses,-__ssRNA_positive_strand_viruses__no_DNA_stage,f__Caliciviridae,g__Sapovirus,-__unclassified_Sapovirus,s__Bat_sapovirus_TLC58_HK",6.590530349392259e-05
"d__Viruses,-__ssRNA_viruses,-__ssRNA_positive_strand_viruses__no_DNA_stage,f__Caliciviridae,g__Sapovirus,s__Sapporo_virus",0.0007865956519266854
"d__Viruses,-__ssRNA_viruses,-__ssRNA_positive_strand_viruses__no_DNA_stage,f__Flaviviridae,g__Flavivirus,-__Dengue_virus_group,s__Dengue_virus",0.0015331432365923207
"d__Viruses,-__ssRNA_viruses,-__ssRNA_positive_strand_viruses__no_DNA_stage,f__Flaviviridae,g__Flavivirus,-__Japanese_encephalitis_virus_group,s__Japanese_encephalitis_virus",0.0013473692373308518
"d__Viruses,-__ssRNA_viruses,-__ssRNA_positive_strand_viruses__no_DNA_stage,f__Flaviviridae,g__Flavivirus,-__Japanese_encephalitis_virus_group,s__Murray_Valley_encephalitis_virus",0.0012387736141220192
"d__Viruses,-__ssRNA_viruses,-__ssRNA_positive_strand_viruses__no_DNA_stage,f__Flaviviridae,g__Flavivirus,-__Japanese_encephalitis_virus_group,s__St__Louis_encephalitis_virus",0.0011810718711276333
"d__Viruses,-__ssRNA_viruses,-__ssRNA_positive_strand_viruses__no_DNA_stage,f__Flaviviridae,g__Flavivirus,-__Japanese_encephalitis_virus_group,s__Usutu_virus",0.0012002245581431365
"d__Viruses,-__ssRNA_viruses,-__ssRNA_positive_strand_viruses__no_DNA_stage,f__Flaviviridae,g__Flavivirus,-__Japanese_encephalitis_virus_group,s__West_Nile_virus",0.0013582738280037256
"d__Viruses,-__ssRNA_viruses,-__ssRNA_positive_strand_viruses__no_DNA_stage,f__Flaviviridae,g__Flavivirus,-__Kokobera_virus_group,s__Kokobera_virus",0.0007565397037856083
"d__Viruses,-__ssRNA_viruses,-__ssRNA_positive_strand_viruses__no_DNA_stage,f__Flaviviridae,g__Flavivirus,-__Modoc_virus_group,s__Modoc_virus",0.0001824887625340966
"d__Viruses,-__ssRNA_viruses,-__ssRNA_positive_strand_viruses__no_DNA_stage,f__Flaviviridae,g__Flavivirus,-__Ntaya_virus_group,s__Bagaza_virus",0.0008809890312025016
"d__Viruses,-__ssRNA_viruses,-__ssRNA_positive_strand_viruses__no_DNA_stage,f__Flaviviridae,g__Flavivirus,-__Ntaya_virus_group,s__Ntaya_virus",0.0009196515004840271
"d__Viruses,-__ssRNA_viruses,-__ssRNA_positive_strand_viruses__no_DNA_stage,f__Flaviviridae,g__Flavivirus,-__Ntaya_virus_group,s__Tembusu_virus",0.0009974917440610503
"d__Viruses,-__ssRNA_viruses,-__ssRNA_positive_strand_viruses__no_DNA_stage,f__Flaviviridae,g__Flavivirus,-__Ntaya_virus_group,s__Yokose_virus",0.00038610411297406344
"d__Viruses,-__ssRNA_viruses,-__ssRNA_positive_strand_viruses__no_DNA_stage,f__Flaviviridae,g__Flavivirus,-__Rio_Bravo_virus_group,s__Apoi_virus",0.00024988466861448563
"d__Viruses,-__ssRNA_viruses,-__ssRNA_positive_strand_viruses__no_DNA_stage,f__Flaviviridae,g__Flavivirus,-__Rio_Bravo_virus_group,s__Entebbe_bat_virus",0.0004151260341948003
"d__Viruses,-__ssRNA_viruses,-__ssRNA_positive_strand_viruses__no_DNA_stage,f__Flaviviridae,g__Flavivirus,-__Rio_Bravo_virus_group,s__Rio_Bravo_virus",0.0002496998799519808
"d__Viruses,-__ssRNA_viruses,-__ssRNA_positive_strand_viruses__no_DNA_stage,f__Flaviviridae,g__Flavivirus,-__Rio_Bravo_virus_group,s__Saboya_virus",0.0004929584271726418
"d__Viruses,-__ssRNA_viruses,-__ssRNA_positive_strand_viruses__no_DNA_stage,f__Flaviviridae,g__Flavivirus,-__Seaborne_tick_borne_virus_group,s__Meaban_virus",0.00045281564622573343
"d__Viruses,-__ssRNA_viruses,-__ssRNA_positive_strand_viruses__no_DNA_stage,f__Flaviviridae,g__Flavivirus,-__Seaborne_tick_borne_virus_group,s__Saumarez_Reef_virus",0.000385445575084798
"d__Viruses,-__ssRNA_viruses,-__ssRNA_positive_strand_viruses__no_DNA_stage,f__Flaviviridae,g__Flavivirus,-__Yellow_fever_virus_group,s__Banzi_virus",0.0004638263743272102
"d__Viruses,-__ssRNA_viruses,-__ssRNA_positive_strand_viruses__no_DNA_stage,f__Flaviviridae,g__Flavivirus,-__Yellow_fever_virus_group,s__Bouboui_virus",0.0004442942000289757
"d__Viruses,-__ssRNA_viruses,-__ssRNA_positive_strand_viruses__no_DNA_stage,f__Flaviviridae,g__Flavivirus,-__Yellow_fever_virus_group,s__Edge_Hill_virus",0.0004928869645894541
"d__Viruses,-__ssRNA_viruses,-__ssRNA_positive_strand_viruses__no_DNA_stage,f__Flaviviridae,g__Flavivirus,-__Yellow_fever_virus_group,s__Uganda_S_virus",0.0005312931675698651
"d__Viruses,-__ssRNA_viruses,-__ssRNA_positive_strand_viruses__no_DNA_stage,f__Flaviviridae,g__Flavivirus,-__Yellow_fever_virus_group,s__Wesselsbron_virus",0.0005993523128232394
"d__Viruses,-__ssRNA_viruses,-__ssRNA_positive_strand_viruses__no_DNA_stage,f__Flaviviridae,g__Flavivirus,-__Yellow_fever_virus_group,s__Yellow_fever_virus",0.0008806309575652006
"d__Viruses,-__ssRNA_viruses,-__ssRNA_positive_strand_viruses__no_DNA_stage,f__Flaviviridae,g__Flavivirus,-__mosquito_borne_viruses,s__Ilheus_virus",0.0008901876167161753
"d__Viruses,-__ssRNA_viruses,-__ssRNA_positive_strand_viruses__no_DNA_stage,f__Flaviviridae,g__Flavivirus,-__mosquito_borne_viruses,s__Sepik_virus",0.0006089486453309105
"d__Viruses,-__ssRNA_viruses,-__ssRNA_positive_strand_viruses__no_DNA_stage,f__Flaviviridae,g__Flavivirus,-__tick_borne_encephalitis_virus_group,s__Kyasanur_forest_disease_virus",0.0009154597053183391
"d__Viruses,-__ssRNA_viruses,-__ssRNA_positive_strand_viruses__no_DNA_stage,f__Flaviviridae,g__Flavivirus,-__tick_borne_encephalitis_virus_group,s__Langat_virus",0.0008957207662746684
"d__Viruses,-__ssRNA_viruses,-__ssRNA_positive_strand_viruses__no_DNA_stage,f__Flaviviridae,g__Flavivirus,-__tick_borne_encephalitis_virus_group,s__Louping_ill_virus",0.0009249000433546895
"d__Viruses,-__ssRNA_viruses,-__ssRNA_positive_strand_viruses__no_DNA_stage,f__Flaviviridae,g__Flavivirus,-__tick_borne_encephalitis_virus_group,s__Omsk_hemorrhagic_fever_virus",0.0009539042626994527
"d__Viruses,-__ssRNA_viruses,-__ssRNA_positive_strand_viruses__no_DNA_stage,f__Flaviviridae,g__Flavivirus,-__tick_borne_encephalitis_virus_group,s__Phnom_Penh_bat_virus",0.00024005915057470162
"d__Viruses,-__ssRNA_viruses,-__ssRNA_positive_strand_viruses__no_DNA_stage,f__Flaviviridae,g__Flavivirus,-__tick_borne_encephalitis_virus_group,s__Powassan_virus",0.0009641249120236017
"d__Viruses,-__ssRNA_viruses,-__ssRNA_positive_strand_viruses__no_DNA_stage,f__Flaviviridae,g__Flavivirus,-__tick_borne_encephalitis_virus_group,s__Royal_Farm_virus",0.0007909713514034918
"d__Viruses,-__ssRNA_viruses,-__ssRNA_positive_strand_viruses__no_DNA_stage,f__Flaviviridae,g__Flavivirus,-__tick_borne_encephalitis_virus_group,s__Tick_borne_encephalitis_virus",0.0009946501342294842
"d__Viruses,-__ssRNA_viruses,-__ssRNA_positive_strand_viruses__no_DNA_stage,f__Flaviviridae,g__Flavivirus,-__unclassified_Flavivirus,s__Aedes_flavivirus",5.697031846408021e-05
"d__Viruses,-__ssRNA_viruses,-__ssRNA_positive_strand_viruses__no_DNA_stage,f__Flaviviridae,g__Flavivirus,-__unclassified_Flavivirus,s__Cell_fusing_agent_virus",6.646158520375224e-05
"d__Viruses,-__ssRNA_viruses,-__ssRNA_positive_strand_viruses__no_DNA_stage,f__Flaviviridae,g__Flavivirus,-__unclassified_Flavivirus,s__Chaoyang_virus",0.00043554428517504043
"d__Viruses,-__ssRNA_viruses,-__ssRNA_positive_strand_viruses__no_DNA_stage,f__Flaviviridae,g__Flavivirus,-__unclassified_Flavivirus,s__Culex_flavivirus",7.596475235490732e-05
"d__Viruses,-__ssRNA_viruses,-__ssRNA_positive_strand_viruses__no_DNA_stage,f__Flaviviridae,g__Flavivirus,-__unclassified_Flavivirus,s__Donggang_virus",0.0005128304369702365
"d__Viruses,-__ssRNA_viruses,-__ssRNA_positive_strand_viruses__no_DNA_stage,f__Flaviviridae,g__Flavivirus,-__unclassified_Flavivirus,s__Kamiti_River_virus",0.00010450114951264464
"d__Viruses,-__ssRNA_viruses,-__ssRNA_positive_strand_viruses__no_DNA_stage,f__Flaviviridae,g__Flavivirus,-__unclassified_Flavivirus,s__Mercadeo_virus",7.58905279134848e-05
"d__Viruses,-__ssRNA_viruses,-__ssRNA_positive_strand_viruses__no_DNA_stage,f__Flaviviridae,g__Flavivirus,-__unclassified_Flavivirus,s__Nounane_virus",0.0003676648444680954
"d__Viruses,-__ssRNA_viruses,-__ssRNA_positive_strand_viruses__no_DNA_stage,f__Flaviviridae,g__Flavivirus,-__unclassified_Flavivirus,s__Ochlerotatus_caspius_flavivirus",9.498570465144996e-05
"d__Viruses,-__ssRNA_viruses,-__ssRNA_positive_strand_viruses__no_DNA_stage,f__Flaviviridae,g__Flavivirus,-__unclassified_Flavivirus,s__Palm_Creek_virus",7.58876483366376e-05
"d__Viruses,-__ssRNA_viruses,-__ssRNA_positive_strand_viruses__no_DNA_stage,f__Flaviviridae,g__Flavivirus,-__unclassified_Flavivirus,s__Paraiso_Escondido_virus",0.00040597753590967966
"d__Viruses,-__ssRNA_viruses,-__ssRNA_positive_strand_viruses__no_DNA_stage,f__Flaviviridae,g__Flavivirus,-__unclassified_Flavivirus,s__Quang_Binh_virus",0.000104479313096007
"d__Viruses,-__ssRNA_viruses,-__ssRNA_positive_strand_viruses__no_DNA_stage,f__Flaviviridae,g__Flavivirus,-__unclassified_Flavivirus,s__Spanish_goat_encephalitis_virus",0.0009051167985826256
"d__Viruses,-__ssRNA_viruses,-__ssRNA_positive_strand_viruses__no_DNA_stage,f__Flaviviridae,g__Flavivirus,-__unclassified_Flavivirus,s__Spondweni_virus",0.0010354270894821897
"d__Viruses,-__ssRNA_viruses,-__ssRNA_positive_strand_viruses__no_DNA_stage,f__Flaviviridae,g__Flavivirus,-__unclassified_Flavivirus,s__T_Ho_virus",0.0009580305214976243
"d__Viruses,-__ssRNA_viruses,-__ssRNA_positive_strand_viruses__no_DNA_stage,f__Flaviviridae,g__Flavivirus,-__unclassified_Flavivirus,s__Tamana_bat_virus",4.7169811320754715e-05
"d__Viruses,-__ssRNA_viruses,-__ssRNA_positive_strand_viruses__no_DNA_stage,f__Flaviviridae,g__Flavivirus,s__Aroa_virus",0.0009400226768357092
"d__Viruses,-__ssRNA_viruses,-__ssRNA_positive_strand_viruses__no_DNA_stage,f__Flaviviridae,g__Flavivirus,s__Gadgets_Gully_virus",0.0007130605716047717
"d__Viruses,-__ssRNA_viruses,-__ssRNA_positive_strand_viruses__no_DNA_stage,f__Flaviviridae,g__Flavivirus,s__Jugra_virus",0.000434719605854224
"d__Viruses,-__ssRNA_viruses,-__ssRNA_positive_strand_viruses__no_DNA_stage,f__Flaviviridae,g__Flavivirus,s__Kadam_virus",0.0004623653842448995
"d__Viruses,-__ssRNA_viruses,-__ssRNA_positive_strand_viruses__no_DNA_stage,f__Flaviviridae,g__Flavivirus,s__Kedougou_virus",0.0007064060383201084
"d__Viruses,-__ssRNA_viruses,-__ssRNA_positive_strand_viruses__no_DNA_stage,f__Flaviviridae,g__Flavivirus,s__Montana_myotis_leukoencephalitis_virus",0.00017296715545903562
"d__Viruses,-__ssRNA_viruses,-__ssRNA_positive_strand_viruses__no_DNA_stage,f__Flaviviridae,g__Flavivirus,s__Yaounde_virus",0.0012385578541985176
"d__Viruses,-__ssRNA_viruses,-__ssRNA_positive_strand_viruses__no_DNA_stage,f__Flaviviridae,g__Flavivirus,s__Zika_virus",0.001172526066901818
"d__Viruses,-__ssRNA_viruses,-__ssRNA_positive_strand_viruses__no_DNA_stage,f__Flaviviridae,g__Hepacivirus,-__unclassified_Hepacivirus,s__Bat_hepacivirus",0.00013444345212372638
"d__Viruses,-__ssRNA_viruses,-__ssRNA_positive_strand_viruses__no_DNA_stage,f__Flaviviridae,g__Hepacivirus,-__unclassified_Hepacivirus,s__Bovine_hepacivirus",3.8032936523028945e-05
"d__Viruses,-__ssRNA_viruses,-__ssRNA_positive_strand_viruses__no_DNA_stage,f__Flaviviridae,g__Hepacivirus,-__unclassified_Hepacivirus,s__Guereza_hepacivirus",6.672894701721607e-05
"d__Viruses,-__ssRNA_viruses,-__ssRNA_positive_strand_viruses__no_DNA_stage,f__Flaviviridae,g__Hepacivirus,-__unclassified_Hepacivirus,s__Norway_rat_hepacivirus_1",5.7074910820451846e-05
"d__Viruses,-__ssRNA_viruses,-__ssRNA_positive_strand_viruses__no_DNA_stage,f__Flaviviridae,g__Hepacivirus,-__unclassified_Hepacivirus,s__Rodent_hepacivirus",8.610792192881745e-05
"d__Viruses,-__ssRNA_viruses,-__ssRNA_positive_strand_viruses__no_DNA_stage,f__Flaviviridae,g__Hepacivirus,s__Hepatitis_C_virus",0.0018895951011994381
"d__Viruses,-__ssRNA_viruses,-__ssRNA_positive_strand_viruses__no_DNA_stage,f__Flaviviridae,g__Pegivirus,s__Pegivirus_C",0.0006789840104047127
"d__Viruses,-__ssRNA_viruses,-__ssRNA_positive_strand_viruses__no_DNA_stage,f__Hepeviridae,g__Orthohepevirus,s__Orthohepevirus_A",0.0010587057084267251
"d__Viruses,-__ssRNA_viruses,-__ssRNA_positive_strand_viruses__no_DNA_stage,f__Togaviridae,g__Alphavirus,-__EEEV_complex,s__Eastern_equine_encephalitis_virus",0.0011091286106958576
"d__Viruses,-__ssRNA_viruses,-__ssRNA_positive_strand_viruses__no_DNA_stage,f__Togaviridae,g__Alphavirus,-__SFV_complex,s__Chikungunya_virus",0.0011968072271713848
"d__Viruses,-__ssRNA_viruses,-__ssRNA_positive_strand_viruses__no_DNA_stage,f__Togaviridae,g__Alphavirus,-__SFV_complex,s__Getah_virus",0.001194789177522547
"d__Viruses,-__ssRNA_viruses,-__ssRNA_positive_strand_viruses__no_DNA_stage,f__Togaviridae,g__Alphavirus,-__SFV_complex,s__Mayaro_virus",0.001165950394110505
"d__Viruses,-__ssRNA_viruses,-__ssRNA_positive_strand_viruses__no_DNA_stage,f__Togaviridae,g__Alphavirus,-__SFV_complex,s__O_nyong_nyong_virus",0.0010893141177037644
"d__Viruses,-__ssRNA_viruses,-__ssRNA_positive_strand_viruses__no_DNA_stage,f__Togaviridae,g__Alphavirus,-__SFV_complex,s__Ross_River_virus",0.0012429781370744727
"d__Viruses,-__ssRNA_viruses,-__ssRNA_positive_strand_viruses__no_DNA_stage,f__Togaviridae,g__Alphavirus,-__SFV_complex,s__Semliki_Forest_virus",0.0012237543240925428
"d__Viruses,-__ssRNA_viruses,-__ssRNA_positive_strand_viruses__no_DNA_stage,f__Togaviridae,g__Alphavirus,-__VEEV_complex,s__Venezuelan_equine_encephalitis_virus",0.0011397332251552644
"d__Viruses,-__ssRNA_viruses,-__ssRNA_positive_strand_viruses__no_DNA_stage,f__Togaviridae,g__Alphavirus,-__WEEV_complex,s__Sindbis_virus",0.0009544560564575219
"d__Viruses,-__ssRNA_viruses,-__ssRNA_positive_strand_viruses__no_DNA_stage,f__Togaviridae,g__Alphavirus,-__WEEV_complex,s__Western_equine_encephalitis_virus",0.0010888312889642613
"d__Viruses,-__ssRNA_viruses,-__ssRNA_positive_strand_viruses__no_DNA_stage,f__Togaviridae,g__Alphavirus,s__Barmah_Forest_virus",0.0008860210911542351
"d__Viruses,-__ssRNA_viruses,-__ssRNA_positive_strand_viruses__no_DNA_stage,f__Togaviridae,g__Rubivirus,s__Rubella_virus",0.0005372239658438658
"d__Viruses,-__ssRNA_viruses,-__ssRNA_positive_strand_viruses__no_DNA_stage,o__Nidovirales,f__Coronaviridae,-__Coronavirinae,g__Alphacoronavirus,s__Human_coronavirus_229E",0.0024776671215508647
"d__Viruses,-__ssRNA_viruses,-__ssRNA_positive_strand_viruses__no_DNA_stage,o__Nidovirales,f__Coronaviridae,-__Coronavirinae,g__Alphacoronavirus,s__Human_coronavirus_NL63",0.0022419141308234205
"d__Viruses,-__ssRNA_viruses,-__ssRNA_positive_strand_viruses__no_DNA_stage,o__Nidovirales,f__Coronaviridae,-__Coronavirinae,g__Betacoronavirus,s__Betacoronavirus_1",0.002630601028770365
"d__Viruses,-__ssRNA_viruses,-__ssRNA_positive_strand_viruses__no_DNA_stage,o__Nidovirales,f__Coronaviridae,-__Coronavirinae,g__Betacoronavirus,s__Human_coronavirus_HKU1",0.0024511479380084178
"d__Viruses,-__ssRNA_viruses,-__ssRNA_positive_strand_viruses__no_DNA_stage,o__Nidovirales,f__Coronaviridae,-__Coronavirinae,g__Betacoronavirus,s__Middle_East_respiratory_syndrome_related_coronavirus",0.003003473071467006
"d__Viruses,-__ssRNA_viruses,-__ssRNA_positive_strand_viruses__no_DNA_stage,o__Nidovirales,f__Coronaviridae,-__Coronavirinae,g__Betacoronavirus,s__SARS_related_coronavirus",0.002383430778360394
"d__Viruses,-__ssRNA_viruses,-__ssRNA_positive_strand_viruses__no_DNA_stage,o__Picornavirales,f__Picornaviridae,g__Cardiovirus,s__Cardiovirus_A",0.0005171225005745806
"d__Viruses,-__ssRNA_viruses,-__ssRNA_positive_strand_viruses__no_DNA_stage,o__Picornavirales,f__Picornaviridae,g__Cardiovirus,s__Cardiovirus_B",0.00033614413860663455
"d__Viruses,-__ssRNA_viruses,-__ssRNA_positive_strand_viruses__no_DNA_stage,o__Picornavirales,f__Picornaviridae,g__Cosavirus,-__unclassified_Cosavirus,s__Cosavirus_JMY_2014",0.00035450460376924625
"d__Viruses,-__ssRNA_viruses,-__ssRNA_positive_strand_viruses__no_DNA_stage,o__Picornavirales,f__Picornaviridae,g__Cosavirus,-__unclassified_Cosavirus,s__Human_cosavirus",0.00036444197220650434
"d__Viruses,-__ssRNA_viruses,-__ssRNA_positive_strand_viruses__no_DNA_stage,o__Picornavirales,f__Picornaviridae,g__Cosavirus,-__unclassified_Cosavirus,s__Human_cosavirus_B",0.0003926977376779112
"d__Viruses,-__ssRNA_viruses,-__ssRNA_positive_strand_viruses__no_DNA_stage,o__Picornavirales,f__Picornaviridae,g__Cosavirus,-__unclassified_Cosavirus,s__Human_cosavirus_D",0.0003254367073462551
"d__Viruses,-__ssRNA_viruses,-__ssRNA_positive_strand_viruses__no_DNA_stage,o__Picornavirales,f__Picornaviridae,g__Cosavirus,-__unclassified_Cosavirus,s__Human_cosavirus_E",0.0003637895381787547
"d__Viruses,-__ssRNA_viruses,-__ssRNA_positive_strand_viruses__no_DNA_stage,o__Picornavirales,f__Picornaviridae,g__Cosavirus,-__unclassified_Cosavirus,s__Human_cosavirus_F",0.0004214922742382006
"d__Viruses,-__ssRNA_viruses,-__ssRNA_positive_strand_viruses__no_DNA_stage,o__Picornavirales,f__Picornaviridae,g__Cosavirus,s__Cosavirus_A",0.0005947071067499256
"d__Viruses,-__ssRNA_viruses,-__ssRNA_positive_strand_viruses__no_DNA_stage,o__Picornavirales,f__Picornaviridae,g__Enterovirus,-__unclassified_Enterovirus,s__Human_enterovirus",0.0008393683265337992
"d__Viruses,-__ssRNA_viruses,-__ssRNA_positive_strand_viruses__no_DNA_stage,o__Picornavirales,f__Picornaviridae,g__Enterovirus,s__Enterovirus_A",0.0011125989523847032
"d__Viruses,-__ssRNA_viruses,-__ssRNA_positive_strand_viruses__no_DNA_stage,o__Picornavirales,f__Picornaviridae,g__Enterovirus,s__Enterovirus_B",0.001193152684100501
"d__Viruses,-__ssRNA_viruses,-__ssRNA_positive_strand_viruses__no_DNA_stage,o__Picornavirales,f__Picornaviridae,g__Enterovirus,s__Enterovirus_C",0.0011114826982472016
"d__Viruses,-__ssRNA_viruses,-__ssRNA_positive_strand_viruses__no_DNA_stage,o__Picornavirales,f__Picornaviridae,g__Enterovirus,s__Enterovirus_D",0.0008987710283112874
"d__Viruses,-__ssRNA_viruses,-__ssRNA_positive_strand_viruses__no_DNA_stage,o__Picornavirales,f__Picornaviridae,g__Enterovirus,s__Enterovirus_H",0.0006539775500244021
"d__Viruses,-__ssRNA_viruses,-__ssRNA_positive_strand_viruses__no_DNA_stage,o__Picornavirales,f__Picornaviridae,g__Enterovirus,s__Rhinovirus_A",0.001385912834928935
"d__Viruses,-__ssRNA_viruses,-__ssRNA_positive_strand_viruses__no_DNA_stage,o__Picornavirales,f__Picornaviridae,g__Enterovirus,s__Rhinovirus_B",0.0009598714947549879
"d__Viruses,-__ssRNA_viruses,-__ssRNA_positive_strand_viruses__no_DNA_stage,o__Picornavirales,f__Picornaviridae,g__Enterovirus,s__Rhinovirus_C",0.0007842829692953217
"d__Viruses,-__ssRNA_viruses,-__ssRNA_positive_strand_viruses__no_DNA_stage,o__Picornavirales,f__Picornaviridae,g__Hepatovirus,s__Hepatovirus_A",0.00037108222801575673
"d__Viruses,-__ssRNA_viruses,-__ssRNA_positive_strand_viruses__no_DNA_stage,o__Picornavirales,f__Picornaviridae,g__Kobuvirus,s__Aichivirus_A",0.0006133793367835921
"d__Viruses,-__ssRNA_viruses,-__ssRNA_positive_strand_viruses__no_DNA_stage,o__Picornavirales,f__Picornaviridae,g__Parechovirus,-__unclassified_Parechovirus,s__Human_parechovirus",0.0004465049115540271
"d__Viruses,-__ssRNA_viruses,-__ssRNA_positive_strand_viruses__no_DNA_stage,o__Picornavirales,f__Picornaviridae,g__Rosavirus,s__Rosavirus_A",0.0005145895671729973
"d__Viruses,-__ssRNA_viruses,-__ssRNA_positive_strand_viruses__no_DNA_stage,o__Picornavirales,f__Picornaviridae,g__Salivirus,-__unclassified_Salivirus,s__Salivirus_FHB",0.0004766625991458206
"d__Viruses,-__ssRNA_viruses,-__ssRNA_positive_strand_viruses__no_DNA_stage,o__Picornavirales,f__Picornaviridae,g__Salivirus,s__Salivirus_A",0.0004962163503287433
"d__Viruses,g__Deltavirus,s__Hepatitis_delta_virus",0.00024546132567997505
