"d__Viruses,-__Retro_transcribing_viruses,f__Hepadnaviridae,g__Orthohepadnavirus,s__Hepatitis_B_virus",0.0011717395176182755
"d__Viruses,-__Retro_transcribing_viruses,f__Retroviridae,-__Orthoretrovirinae,g__Deltaretrovirus,-__unclassified_Deltaretrovirus,s__Human_T_lymphotropic_virus_4",0.0005436871361748798
"d__Viruses,-__Retro_transcribing_viruses,f__Retroviridae,-__Orthoretrovirinae,g__Deltaretrovirus,s__Primate_T_lymphotropic_virus_1",0.0006749219621481267
"d__Viruses,-__Retro_transcribing_viruses,f__Retroviridae,-__Orthoretrovirinae,g__Deltaretrovirus,s__Primate_T_lymphotropic_virus_2",0.0006842958782890728
"d__Viruses,-__Retro_transcribing_viruses,f__Retroviridae,-__Orthoretrovirinae,g__Deltaretrovirus,s__Primate_T_lymphotropic_virus_3",0.000646800213725288
"d__Viruses,-__Retro_transcribing_viruses,f__Retroviridae,-__Orthoretrovirinae,g__Gammaretrovirus,-__Mammalian_gammaretrovirus_group,-__Replication_competent_viruses,s__Murine_leukemia_virus",0.00042182622634257916
"d__Viruses,-__Retro_transcribing_viruses,f__Retroviridae,-__Orthoretrovirinae,g__Gammaretrovirus,-__Mammalian_gammaretrovirus_group,-__Replication_competent_viruses,s__Porcine_type_C_oncovirus",0.00020622615510081647
"d__Viruses,-__Retro_transcribing_viruses,f__Retroviridae,-__Orthoretrovirinae,g__Gammaretrovirus,-__unclassified_Gammaretrovirus,s__Murine_leukemia_related_retroviruses",0.00039370447791974055
"d__Viruses,-__Retro_transcribing_viruses,f__Retroviridae,-__Orthoretrovirinae,g__Lentivirus,-__Primate_lentivirus_group,-__unclassified_Primate_lentivirus_group,s__Human_immunodeficiency_virus",0.0008436524526851583
"d__Viruses,-__Retro_transcribing_viruses,f__Retroviridae,-__Orthoretrovirinae,g__Lentivirus,-__Primate_lentivirus_group,s__Human_immunodeficiency_virus_1",0.001884157144330187
"d__Viruses,-__Retro_transcribing_viruses,f__Retroviridae,-__Orthoretrovirinae,g__Lentivirus,-__Primate_lentivirus_group,s__Human_immunodeficiency_virus_2",0.001199861266041114
"d__Viruses,-__Retro_transcribing_viruses,f__Retroviridae,-__Spumaretrovirinae,g__Spumavirus,s__African_green_monkey_simian_foamy_virus",0.0007217915428528577
"d__Viruses,-__Retro_transcribing_viruses,f__Retroviridae,-__Spumaretrovirinae,g__Spumavirus,s__Macaque_simian_foamy_virus",0.0007499132912756962
"d__Viruses,-__Retro_transcribing_viruses,f__Retroviridae,-__Spumaretrovirinae,g__Spumavirus,s__Simian_foamy_virus",0.0009936351109402976
"d__Viruses,-__Retro_transcribing_viruses,f__Retroviridae,-__unclassified_Retroviridae,-__Human_endogenous_retroviruses,s__Human_endogenous_retrovirus_K",1.8747832281892407e-05
"d__Viruses,-__dsDNA_viruses__no_RNA_stage,f__Adenoviridae,g__Mastadenovirus,s__Human_mastadenovirus_A",0.0030840184103713007
"d__Viruses,-__dsDNA_viruses__no_RNA_stage,f__Adenoviridae,g__Mastadenovirus,s__Human_mastadenovirus_B",0.00370269687567375
"d__Viruses,-__dsDNA_viruses__no_RNA_stage,f__Adenoviridae,g__Mastadenovirus,s__Human_mastadenovirus_C",0.0034027315591634716
"d__Viruses,-__dsDNA_viruses__no_RNA_stage,f__Adenoviridae,g__Mastadenovirus,s__Human_mastadenovirus_D",0.0035620881335595572
"d__Viruses,-__dsDNA_viruses__no_RNA_stage,f__Adenoviridae,g__Mastadenovirus,s__Human_mastadenovirus_E",0.0033558619784587406
"d__Viruses,-__dsDNA_viruses__no_RNA_stage,f__Adenoviridae,g__Mastadenovirus,s__Human_mastadenovirus_F",0.0028496705068476458
"d__Viruses,-__dsDNA_viruses__no_RNA_stage,f__Adenoviridae,g__Mastadenovirus,s__Human_mastadenovirus_G",0.002540331274196421
"d__Viruses,-__dsDNA_viruses__no_RNA_stage,f__Adenoviridae,g__Mastadenovirus,s__Platyrrhini_mastadenovirus_A",0.0015279483309742312
"d__Viruses,-__dsDNA_viruses__no_RNA_stage,f__Papillomaviridae,-__unclassified_Papillomaviridae,-__Human_papillomavirus_types,s__Human_papillomavirus",0.0010311307755040823
"d__Viruses,-__dsDNA_viruses__no_RNA_stage,f__Papillomaviridae,-__unclassified_Papillomaviridae,-__Human_papillomavirus_types,s__Human_papillomavirus_type_136",0.000553061052315826
"d__Viruses,-__dsDNA_viruses__no_RNA_stage,f__Papillomaviridae,-__unclassified_Papillomaviridae,-__Human_papillomavirus_types,s__Human_papillomavirus_type_140",0.00047806972318825637
"d__Viruses,-__dsDNA_viruses__no_RNA_stage,f__Papillomaviridae,-__unclassified_Papillomaviridae,-__Human_papillomavirus_types,s__Human_papillomavirus_type_141",0.00047806972318825637
"d__Viruses,-__dsDNA_viruses__no_RNA_stage,f__Papillomaviridae,-__unclassified_Papillomaviridae,-__Human_papillomavirus_types,s__Human_papillomavirus_type_143",0.0013685917565781456
"d__Viruses,-__dsDNA_viruses__no_RNA_stage,f__Papillomaviridae,-__unclassified_Papillomaviridae,-__Human_papillomavirus_types,s__Human_papillomavirus_type_145",0.0011904873499001677
"d__Viruses,-__dsDNA_viruses__no_RNA_stage,f__Papillomaviridae,-__unclassified_Papillomaviridae,-__Human_papillomavirus_types,s__Human_papillomavirus_type_154",0.0005061914716110949
"d__Viruses,-__dsDNA_viruses__no_RNA_stage,f__Papillomaviridae,-__unclassified_Papillomaviridae,-__Human_papillomavirus_types,s__Human_papillomavirus_type_155",0.0005061914716110949
"d__Viruses,-__dsDNA_viruses__no_RNA_stage,f__Papillomaviridae,-__unclassified_Papillomaviridae,-__Human_papillomavirus_types,s__Human_papillomavirus_type_179",0.00046869580704731015
"d__Viruses,-__dsDNA_viruses__no_RNA_stage,f__Papillomaviridae,-__unclassified_Papillomaviridae,-__Human_papillomavirus_types,s__Human_papillomavirus_type_197",0.0006374262975843418
"d__Viruses,-__dsDNA_viruses__no_RNA_stage,f__Papillomaviridae,-__unclassified_Papillomaviridae,-__Human_papillomavirus_types,s__Human_papillomavirus_type_78",0.001331096092014361
"d__Viruses,-__dsDNA_viruses__no_RNA_stage,f__Papillomaviridae,g__Alphapapillomavirus,s__Alphapapillomavirus_1",0.0014435830857057153
"d__Viruses,-__dsDNA_viruses__no_RNA_stage,f__Papillomaviridae,g__Alphapapillomavirus,s__Alphapapillomavirus_10",0.0016123135762427469
"d__Viruses,-__dsDNA_viruses__no_RNA_stage,f__Papillomaviridae,g__Alphapapillomavirus,s__Alphapapillomavirus_11",0.001434209169564769
"d__Viruses,-__dsDNA_viruses__no_RNA_stage,f__Papillomaviridae,g__Alphapapillomavirus,s__Alphapapillomavirus_13",0.0011811134337592216
"d__Viruses,-__dsDNA_viruses__no_RNA_stage,f__Papillomaviridae,g__Alphapapillomavirus,s__Alphapapillomavirus_14",0.0014248352534238229
"d__Viruses,-__dsDNA_viruses__no_RNA_stage,f__Papillomaviridae,g__Alphapapillomavirus,s__Alphapapillomavirus_2",0.0015935657439608544
"d__Viruses,-__dsDNA_viruses__no_RNA_stage,f__Papillomaviridae,g__Alphapapillomavirus,s__Alphapapillomavirus_3",0.001706052737652209
"d__Viruses,-__dsDNA_viruses__no_RNA_stage,f__Papillomaviridae,g__Alphapapillomavirus,s__Alphapapillomavirus_4",0.0014248352534238229
"d__Viruses,-__dsDNA_viruses__no_RNA_stage,f__Papillomaviridae,g__Alphapapillomavirus,s__Alphapapillomavirus_5",0.0017716701506388323
"d__Viruses,-__dsDNA_viruses__no_RNA_stage,f__Papillomaviridae,g__Alphapapillomavirus,s__Alphapapillomavirus_6",0.0016123135762427469
"d__Viruses,-__dsDNA_viruses__no_RNA_stage,f__Papillomaviridae,g__Alphapapillomavirus,s__Alphapapillomavirus_7",0.0020997572155719495
"d__Viruses,-__dsDNA_viruses__no_RNA_stage,f__Papillomaviridae,g__Alphapapillomavirus,s__Alphapapillomavirus_8",0.0014810787502695
"d__Viruses,-__dsDNA_viruses__no_RNA_stage,f__Papillomaviridae,g__Alphapapillomavirus,s__Alphapapillomavirus_9",0.00229660945453182
"d__Viruses,-__dsDNA_viruses__no_RNA_stage,f__Papillomaviridae,g__Betapapillomavirus,-__unclassified_Betapapillomavirus,s__Colobus_monkey_papillomavirus",0.0011623656014773292
"d__Viruses,-__dsDNA_viruses__no_RNA_stage,f__Papillomaviridae,g__Betapapillomavirus,s__Betapapillomavirus_1",0.0020060180541624875
"d__Viruses,-__dsDNA_viruses__no_RNA_stage,f__Papillomaviridae,g__Betapapillomavirus,s__Betapapillomavirus_2",0.0019122788927530255
"d__Viruses,-__dsDNA_viruses__no_RNA_stage,f__Papillomaviridae,g__Betapapillomavirus,s__Betapapillomavirus_3",0.0013685917565781456
"d__Viruses,-__dsDNA_viruses__no_RNA_stage,f__Papillomaviridae,g__Betapapillomavirus,s__Betapapillomavirus_4",0.000965513362517459
"d__Viruses,-__dsDNA_viruses__no_RNA_stage,f__Papillomaviridae,g__Betapapillomavirus,s__Betapapillomavirus_5",0.0011436177691954367
"d__Viruses,-__dsDNA_viruses__no_RNA_stage,f__Papillomaviridae,g__Betapapillomavirus,s__Betapapillomavirus_6",0.001059252523926921
"d__Viruses,-__dsDNA_viruses__no_RNA_stage,f__Papillomaviridae,g__Gammapapillomavirus,-__unclassified_Gammapapillomavirus,s__Human_papillomavirus_KC5",0.0005624349684567721
"d__Viruses,-__dsDNA_viruses__no_RNA_stage,f__Papillomaviridae,g__Gammapapillomavirus,-__unclassified_Gammapapillomavirus,s__Human_papillomavirus_type_201",0.000599930633020557
"d__Viruses,-__dsDNA_viruses__no_RNA_stage,f__Papillomaviridae,g__Gammapapillomavirus,s__Gammapapillomavirus_1",0.0011436177691954367
"d__Viruses,-__dsDNA_viruses__no_RNA_stage,f__Papillomaviridae,g__Gammapapillomavirus,s__Gammapapillomavirus_10",0.0008811481172489431
"d__Viruses,-__dsDNA_viruses__no_RNA_stage,f__Papillomaviridae,g__Gammapapillomavirus,s__Gammapapillomavirus_11",0.0005249393038929874
"d__Viruses,-__dsDNA_viruses__no_RNA_stage,f__Papillomaviridae,g__Gammapapillomavirus,s__Gammapapillomavirus_12",0.0008249046204032659
"d__Viruses,-__dsDNA_viruses__no_RNA_stage,f__Papillomaviridae,g__Gammapapillomavirus,s__Gammapapillomavirus_13",0.000646800213725288
"d__Viruses,-__dsDNA_viruses__no_RNA_stage,f__Papillomaviridae,g__Gammapapillomavirus,s__Gammapapillomavirus_14",0.0006093045491615032
"d__Viruses,-__dsDNA_viruses__no_RNA_stage,f__Papillomaviridae,g__Gammapapillomavirus,s__Gammapapillomavirus_15",0.0006374262975843418
"d__Viruses,-__dsDNA_viruses__no_RNA_stage,f__Papillomaviridae,g__Gammapapillomavirus,s__Gammapapillomavirus_16",0.0004030783940606867
"d__Viruses,-__dsDNA_viruses__no_RNA_stage,f__Papillomaviridae,g__Gammapapillomavirus,s__Gammapapillomavirus_17",0.0005624349684567721
"d__Viruses,-__dsDNA_viruses__no_RNA_stage,f__Papillomaviridae,g__Gammapapillomavirus,s__Gammapapillomavirus_18",0.00039370447791974055
"d__Viruses,-__dsDNA_viruses__no_RNA_stage,f__Papillomaviridae,g__Gammapapillomavirus,s__Gammapapillomavirus_19",0.0005905567168796108
"d__Viruses,-__dsDNA_viruses__no_RNA_stage,f__Papillomaviridae,g__Gammapapillomavirus,s__Gammapapillomavirus_2",0.0008905220333898893
"d__Viruses,-__dsDNA_viruses__no_RNA_stage,f__Papillomaviridae,g__Gammapapillomavirus,s__Gammapapillomavirus_20",0.0007217915428528577
"d__Viruses,-__dsDNA_viruses__no_RNA_stage,f__Papillomaviridae,g__Gammapapillomavirus,s__Gammapapillomavirus_21",0.0004030783940606867
"d__Viruses,-__dsDNA_viruses__no_RNA_stage,f__Papillomaviridae,g__Gammapapillomavirus,s__Gammapapillomavirus_22",0.0002624696519464937
"d__Viruses,-__dsDNA_viruses__no_RNA_stage,f__Papillomaviridae,g__Gammapapillomavirus,s__Gammapapillomavirus_24",0.000599930633020557
"d__Viruses,-__dsDNA_viruses__no_RNA_stage,f__Papillomaviridae,g__Gammapapillomavirus,s__Gammapapillomavirus_3",0.0007217915428528577
"d__Viruses,-__dsDNA_viruses__no_RNA_stage,f__Papillomaviridae,g__Gammapapillomavirus,s__Gammapapillomavirus_4",0.0008342785365442121
"d__Viruses,-__dsDNA_viruses__no_RNA_stage,f__Papillomaviridae,g__Gammapapillomavirus,s__Gammapapillomavirus_5",0.0005624349684567721
"d__Viruses,-__dsDNA_viruses__no_RNA_stage,f__Papillomaviridae,g__Gammapapillomavirus,s__Gammapapillomavirus_6",0.0006561741298662342
"d__Viruses,-__dsDNA_viruses__no_RNA_stage,f__Papillomaviridae,g__Gammapapillomavirus,s__Gammapapillomavirus_7",0.0007780350396985349
"d__Viruses,-__dsDNA_viruses__no_RNA_stage,f__Papillomaviridae,g__Gammapapillomavirus,s__Gammapapillomavirus_8",0.0007311654589938039
"d__Viruses,-__dsDNA_viruses__no_RNA_stage,f__Papillomaviridae,g__Gammapapillomavirus,s__Gammapapillomavirus_9",0.0005155653877520411
"d__Viruses,-__dsDNA_viruses__no_RNA_stage,f__Papillomaviridae,g__Mupapillomavirus,s__Mupapillomavirus_1",0.000965513362517459
"d__Viruses,-__dsDNA_viruses__no_RNA_stage,f__Papillomaviridae,g__Mupapillomavirus,s__Mupapillomavirus_2",0.0009561394463765127
"d__Viruses,-__dsDNA_viruses__no_RNA_stage,f__Papillomaviridae,g__Nupapillomavirus,s__Nupapillomavirus_1",0.0006561741298662342
"d__Viruses,-__dsDNA_viruses__no_RNA_stage,f__Polyomaviridae,-__unclassified_Polyomaviridae,s__KI_polyomavirus",0.0003562088133559557
"d__Viruses,-__dsDNA_viruses__no_RNA_stage,f__Polyomaviridae,-__unclassified_Polyomaviridae,s__LI_polyomavirus",0.00016873049053703167
"d__Viruses,-__dsDNA_viruses__no_RNA_stage,f__Polyomaviridae,-__unclassified_Polyomaviridae,s__MW_polyomavirus",0.00014998265825513925
"d__Viruses,-__dsDNA_viruses__no_RNA_stage,f__Polyomaviridae,-__unclassified_Polyomaviridae,s__MX_polyomavirus",0.00014998265825513925
"d__Viruses,-__dsDNA_viruses__no_RNA_stage,f__Polyomaviridae,-__unclassified_Polyomaviridae,s__Merkel_cell_polyomavirus",0.00038433056177879433
"d__Viruses,-__dsDNA_viruses__no_RNA_stage,f__Polyomaviridae,-__unclassified_Polyomaviridae,s__New_Jersey_polyomavirus_2013",0.00014998265825513925
"d__Viruses,-__dsDNA_viruses__no_RNA_stage,f__Polyomaviridae,-__unclassified_Polyomaviridae,s__STL_polyomavirus",7.499132912756963e-05
"d__Viruses,-__dsDNA_viruses__no_RNA_stage,f__Polyomaviridae,-__unclassified_Polyomaviridae,s__Trichodysplasia_spinulosa_associated_polyomavirus",0.00015935657439608545
"d__Viruses,-__dsDNA_viruses__no_RNA_stage,f__Polyomaviridae,g__Alphapolyomavirus,s__Human_polyomavirus_12",0.00010311307755040823
"d__Viruses,-__dsDNA_viruses__no_RNA_stage,f__Polyomaviridae,g__Alphapolyomavirus,s__Human_polyomavirus_9",0.00015935657439608545
"d__Viruses,-__dsDNA_viruses__no_RNA_stage,f__Polyomaviridae,g__Betapolyomavirus,s__Human_polyomavirus_1",0.0004968175554701488
"d__Viruses,-__dsDNA_viruses__no_RNA_stage,f__Polyomaviridae,g__Betapolyomavirus,s__Human_polyomavirus_2",0.00047806972318825637
"d__Viruses,-__dsDNA_viruses__no_RNA_stage,f__Polyomaviridae,g__Betapolyomavirus,s__Human_polyomavirus_4",0.00038433056177879433
"d__Viruses,-__dsDNA_viruses__no_RNA_stage,f__Polyomaviridae,g__Betapolyomavirus,s__Macaca_mulatta_polyomavirus_1",0.0005061914716110949
"d__Viruses,-__dsDNA_viruses__no_RNA_stage,f__Polyomaviridae,g__Deltapolyomavirus,s__Human_polyomavirus_10",0.00014998265825513925
"d__Viruses,-__dsDNA_viruses__no_RNA_stage,f__Polyomaviridae,g__Deltapolyomavirus,s__Human_polyomavirus_6",8.436524526851583e-05
"d__Viruses,-__dsDNA_viruses__no_RNA_stage,f__Polyomaviridae,g__Deltapolyomavirus,s__Human_polyomavirus_7",7.499132912756963e-05
"d__Viruses,-__dsDNA_viruses__no_RNA_stage,f__Poxviridae,-__Chordopoxvirinae,g__Molluscipoxvirus,s__Molluscum_contagiosum_virus",0.011323690698263012
"d__Viruses,-__dsDNA_viruses__no_RNA_stage,f__Poxviridae,-__Chordopoxvirinae,g__Orthopoxvirus,s__Cowpox_virus",0.015888787858903814
"d__Viruses,-__dsDNA_viruses__no_RNA_stage,f__Poxviridae,-__Chordopoxvirinae,g__Orthopoxvirus,s__Ectromelia_virus",0.014257726450379175
"d__Viruses,-__dsDNA_viruses__no_RNA_stage,f__Poxviridae,-__Chordopoxvirinae,g__Orthopoxvirus,s__Monkeypox_virus",0.014051500295278359
"d__Viruses,-__dsDNA_viruses__no_RNA_stage,f__Poxviridae,-__Chordopoxvirinae,g__Orthopoxvirus,s__Vaccinia_virus",0.014932648412527302
"d__Viruses,-__dsDNA_viruses__no_RNA_stage,f__Poxviridae,-__Chordopoxvirinae,g__Orthopoxvirus,s__Variola_virus",0.013910891553164165
"d__Viruses,-__dsDNA_viruses__no_RNA_stage,f__Poxviridae,-__Chordopoxvirinae,g__Parapoxvirus,s__Orf_virus",0.012682908538700213
"d__Viruses,-__dsDNA_viruses__no_RNA_stage,f__Poxviridae,-__Chordopoxvirinae,g__Yatapoxvirus,s__Tanapox_virus",0.01095810796876611
"d__Viruses,-__dsDNA_viruses__no_RNA_stage,f__Poxviridae,-__Chordopoxvirinae,g__Yatapoxvirus,s__Yaba_monkey_tumor_virus",0.010105081599940008
"d__Viruses,-__dsDNA_viruses__no_RNA_stage,o__Caudovirales,f__Podoviridae,-__Sepvirinae,g__Tl2011virus,s__Escherichia_virus_191",9.373916140946203e-06
"d__Viruses,-__dsDNA_viruses__no_RNA_stage,o__Caudovirales,f__Siphoviridae,g__Sextaecvirus,s__Staphylococcus_virus_Sextaec",2.812174842283861e-05
"d__Viruses,-__dsDNA_viruses__no_RNA_stage,o__Herpesvirales,f__Herpesviridae,-__Alphaherpesvirinae,g__Simplexvirus,s__Cercopithecine_alphaherpesvirus_2",0.007536628577320748
"d__Viruses,-__dsDNA_viruses__no_RNA_stage,o__Herpesvirales,f__Herpesviridae,-__Alphaherpesvirinae,g__Simplexvirus,s__Human_alphaherpesvirus_1",0.008717742011079969
"d__Viruses,-__dsDNA_viruses__no_RNA_stage,o__Herpesvirales,f__Herpesviridae,-__Alphaherpesvirinae,g__Simplexvirus,s__Human_alphaherpesvirus_2",0.008324037533160229
"d__Viruses,-__dsDNA_viruses__no_RNA_stage,o__Herpesvirales,f__Herpesviridae,-__Alphaherpesvirinae,g__Simplexvirus,s__Macacine_alphaherpesvirus_1",0.008061567881213734
"d__Viruses,-__dsDNA_viruses__no_RNA_stage,o__Herpesvirales,f__Herpesviridae,-__Alphaherpesvirinae,g__Simplexvirus,s__Papiine_alphaherpesvirus_2",0.008061567881213734
"d__Viruses,-__dsDNA_viruses__no_RNA_stage,o__Herpesvirales,f__Herpesviridae,-__Alphaherpesvirinae,g__Varicellovirus,s__Human_alphaherpesvirus_3",0.0067492196214812665
"d__Viruses,-__dsDNA_viruses__no_RNA_stage,o__Herpesvirales,f__Herpesviridae,-__Betaherpesvirinae,g__Cytomegalovirus,s__Cercopithecine_betaherpesvirus_5",0.004621340657486478
"d__Viruses,-__dsDNA_viruses__no_RNA_stage,o__Herpesvirales,f__Herpesviridae,-__Betaherpesvirinae,g__Cytomegalovirus,s__Human_betaherpesvirus_5",0.013526560991385371
"d__Viruses,-__dsDNA_viruses__no_RNA_stage,o__Herpesvirales,f__Herpesviridae,-__Betaherpesvirinae,g__Roseolovirus,s__Human_betaherpesvirus_6A",0.009252055231113903
"d__Viruses,-__dsDNA_viruses__no_RNA_stage,o__Herpesvirales,f__Herpesviridae,-__Betaherpesvirinae,g__Roseolovirus,s__Human_betaherpesvirus_6B",0.009364542224805258
"d__Viruses,-__dsDNA_viruses__no_RNA_stage,o__Herpesvirales,f__Herpesviridae,-__Betaherpesvirinae,g__Roseolovirus,s__Human_betaherpesvirus_7",0.008520889772120099
"d__Viruses,-__dsDNA_viruses__no_RNA_stage,o__Herpesvirales,f__Herpesviridae,-__Gammaherpesvirinae,g__Lymphocryptovirus,s__Human_gammaherpesvirus_4",0.007770976480844402
"d__Viruses,-__dsDNA_viruses__no_RNA_stage,o__Herpesvirales,f__Herpesviridae,-__Gammaherpesvirinae,g__Rhadinovirus,s__Human_gammaherpesvirus_8",0.007686611235575886
"d__Viruses,-__dsRNA_viruses,f__Amalgaviridae,-__unclassified_Amalgaviridae,s__Zygosaccharomyces_bailii_virus_Z",9.373916140946203e-06
"d__Viruses,-__dsRNA_viruses,f__Picobirnaviridae,g__Picobirnavirus,s__Human_picobirnavirus",0.00030933923265122473
"d__Viruses,-__dsRNA_viruses,f__Reoviridae,-__Sedoreovirinae,g__Orbivirus,s__Great_Island_virus",0.0
"d__Viruses,-__dsRNA_viruses,f__Reoviridae,-__Sedoreovirinae,g__Rotavirus,-__unclassified_rotaviruses,s__Rotavirus_I",0.00024372181966460127
"d__Viruses,-__dsRNA_viruses,f__Reoviridae,-__Sedoreovirinae,g__Rotavirus,s__Rotavirus_A",0.0016498092408065317
"d__Viruses,-__dsRNA_viruses,f__Reoviridae,-__Sedoreovirinae,g__Rotavirus,s__Rotavirus_B",0.0012092351821820601
"d__Viruses,-__dsRNA_viruses,f__Reoviridae,-__Sedoreovirinae,g__Rotavirus,s__Rotavirus_C",0.00175292231835694
"d__Viruses,-__dsRNA_viruses,f__Reoviridae,-__Sedoreovirinae,g__Rotavirus,s__Rotavirus_F",0.0002624696519464937
"d__Viruses,-__dsRNA_viruses,f__Reoviridae,-__Sedoreovirinae,g__Rotavirus,s__Rotavirus_G",0.00047806972318825637
"d__Viruses,-__dsRNA_viruses,f__Reoviridae,-__Sedoreovirinae,g__Rotavirus,s__Rotavirus_H",0.001106122104631652
"d__Viruses,-__dsRNA_viruses,f__Reoviridae,-__Sedoreovirinae,g__Seadornavirus,s__Banna_virus",0.0009748872786584051
"d__Viruses,-__dsRNA_viruses,f__Reoviridae,-__Sedoreovirinae,g__Seadornavirus,s__Kadipiro_virus",9.373916140946203e-06
"d__Viruses,-__dsRNA_viruses,f__Reoviridae,-__Sedoreovirinae,g__Seadornavirus,s__Liao_ning_virus",3.7495664563784814e-05
"d__Viruses,-__dsRNA_viruses,f__Reoviridae,-__Spinareovirinae,g__Coltivirus,s__Colorado_tick_fever_virus",0.0014623309179876078
"d__Viruses,-__dsRNA_viruses,f__Reoviridae,-__Spinareovirinae,g__Coltivirus,s__Eyach_virus",0.0012279830144639526
"d__Viruses,-__dsRNA_viruses,f__Reoviridae,-__Spinareovirinae,g__Orthoreovirus,s__Mammalian_orthoreovirus",3.7495664563784814e-05
"d__Viruses,-__dsRNA_viruses,f__Reoviridae,-__Spinareovirinae,g__Orthoreovirus,s__Pteropine_orthoreovirus",0.0
"d__Viruses,-__ssDNA_viruses,-__unclassified_ssDNA_viruses,s__unidentified_circular_ssDNA_virus",9.373916140946203e-06
"d__Viruses,-__ssDNA_viruses,f__Anelloviridae,-__unclassified_Anelloviridae,s__Gorilla_anellovirus",9.373916140946203e-06
"d__Viruses,-__ssDNA_viruses,f__Anelloviridae,-__unclassified_Anelloviridae,s__Rodent_Torque_teno_virus_2",0.0
"d__Viruses,-__ssDNA_viruses,f__Anelloviridae,-__unclassified_Anelloviridae,s__Seal_anellovirus_3",0.0
"d__Viruses,-__ssDNA_viruses,f__Anelloviridae,-__unclassified_Anelloviridae,s__Seal_anellovirus_TFFN_USA_2006",0.0
"d__Viruses,-__ssDNA_viruses,f__Anelloviridae,-__unclassified_Anelloviridae,s__Small_anellovirus",0.00015935657439608545
"d__Viruses,-__ssDNA_viruses,f__Anelloviridae,-__unclassified_Anelloviridae,s__TTV_like_mini_virus",0.00014060874211419303
"d__Viruses,-__ssDNA_viruses,f__Anelloviridae,-__unclassified_Anelloviridae,s__Torque_teno_midi_virus",0.00015935657439608545
"d__Viruses,-__ssDNA_viruses,f__Anelloviridae,-__unclassified_Anelloviridae,s__Torque_teno_virus",0.0006842958782890728
"d__Viruses,-__ssDNA_viruses,f__Anelloviridae,g__Alphatorquevirus,-__unclassified_Alphatorquevirus,s__Simian_torque_teno_virus_30",9.373916140946203e-06
"d__Viruses,-__ssDNA_viruses,f__Anelloviridae,g__Alphatorquevirus,-__unclassified_Alphatorquevirus,s__Simian_torque_teno_virus_31",0.0
"d__Viruses,-__ssDNA_viruses,f__Anelloviridae,g__Alphatorquevirus,-__unclassified_Alphatorquevirus,s__Simian_torque_teno_virus_32",0.0
"d__Viruses,-__ssDNA_viruses,f__Anelloviridae,g__Alphatorquevirus,-__unclassified_Alphatorquevirus,s__Simian_torque_teno_virus_33",9.373916140946203e-06
"d__Viruses,-__ssDNA_viruses,f__Anelloviridae,g__Alphatorquevirus,-__unclassified_Alphatorquevirus,s__Simian_torque_teno_virus_34",3.7495664563784814e-05
"d__Viruses,-__ssDNA_viruses,f__Anelloviridae,g__Alphatorquevirus,s__Torque_teno_virus_1",0.00025309573580554746
"d__Viruses,-__ssDNA_viruses,f__Anelloviridae,g__Alphatorquevirus,s__Torque_teno_virus_10",9.373916140946203e-05
"d__Viruses,-__ssDNA_viruses,f__Anelloviridae,g__Alphatorquevirus,s__Torque_teno_virus_12",0.00015935657439608545
"d__Viruses,-__ssDNA_viruses,f__Anelloviridae,g__Alphatorquevirus,s__Torque_teno_virus_14",1.8747832281892407e-05
"d__Viruses,-__ssDNA_viruses,f__Anelloviridae,g__Alphatorquevirus,s__Torque_teno_virus_15",0.0
"d__Viruses,-__ssDNA_viruses,f__Anelloviridae,g__Alphatorquevirus,s__Torque_teno_virus_16",2.812174842283861e-05
"d__Viruses,-__ssDNA_viruses,f__Anelloviridae,g__Alphatorquevirus,s__Torque_teno_virus_19",6.561741298662342e-05
"d__Viruses,-__ssDNA_viruses,f__Anelloviridae,g__Alphatorquevirus,s__Torque_teno_virus_2",0.00012186090983230063
"d__Viruses,-__ssDNA_viruses,f__Anelloviridae,g__Alphatorquevirus,s__Torque_teno_virus_25",0.00015935657439608545
"d__Viruses,-__ssDNA_viruses,f__Anelloviridae,g__Alphatorquevirus,s__Torque_teno_virus_26",0.0
"d__Viruses,-__ssDNA_viruses,f__Anelloviridae,g__Alphatorquevirus,s__Torque_teno_virus_27",0.00021560007124176266
"d__Viruses,-__ssDNA_viruses,f__Anelloviridae,g__Alphatorquevirus,s__Torque_teno_virus_28",4.6869580704731014e-05
"d__Viruses,-__ssDNA_viruses,f__Anelloviridae,g__Alphatorquevirus,s__Torque_teno_virus_3",0.00025309573580554746
"d__Viruses,-__ssDNA_viruses,f__Anelloviridae,g__Alphatorquevirus,s__Torque_teno_virus_4",0.00019685223895987027
"d__Viruses,-__ssDNA_viruses,f__Anelloviridae,g__Alphatorquevirus,s__Torque_teno_virus_6",0.00019685223895987027
"d__Viruses,-__ssDNA_viruses,f__Anelloviridae,g__Alphatorquevirus,s__Torque_teno_virus_7",6.561741298662342e-05
"d__Viruses,-__ssDNA_viruses,f__Anelloviridae,g__Alphatorquevirus,s__Torque_teno_virus_8",2.812174842283861e-05
"d__Viruses,-__ssDNA_viruses,f__Anelloviridae,g__Betatorquevirus,-__unclassified_Betatorquevirus,s__Torque_teno_mini_virus_18",0.0
"d__Viruses,-__ssDNA_viruses,f__Anelloviridae,g__Betatorquevirus,-__unclassified_Betatorquevirus,s__Torque_teno_mini_virus_ALA22",2.812174842283861e-05
"d__Viruses,-__ssDNA_viruses,f__Anelloviridae,g__Betatorquevirus,-__unclassified_Betatorquevirus,s__Torque_teno_mini_virus_ALH8",0.0
"d__Viruses,-__ssDNA_viruses,f__Anelloviridae,g__Betatorquevirus,s__Torque_teno_mini_virus_1",0.00014998265825513925
"d__Viruses,-__ssDNA_viruses,f__Anelloviridae,g__Betatorquevirus,s__Torque_teno_mini_virus_2",0.0
"d__Viruses,-__ssDNA_viruses,f__Anelloviridae,g__Betatorquevirus,s__Torque_teno_mini_virus_3",9.373916140946203e-06
"d__Viruses,-__ssDNA_viruses,f__Anelloviridae,g__Betatorquevirus,s__Torque_teno_mini_virus_4",9.373916140946203e-06
"d__Viruses,-__ssDNA_viruses,f__Anelloviridae,g__Betatorquevirus,s__Torque_teno_mini_virus_5",0.0
"d__Viruses,-__ssDNA_viruses,f__Anelloviridae,g__Betatorquevirus,s__Torque_teno_mini_virus_6",0.0
"d__Viruses,-__ssDNA_viruses,f__Anelloviridae,g__Betatorquevirus,s__Torque_teno_mini_virus_7",0.0
"d__Viruses,-__ssDNA_viruses,f__Anelloviridae,g__Betatorquevirus,s__Torque_teno_mini_virus_8",9.373916140946203e-06
"d__Viruses,-__ssDNA_viruses,f__Anelloviridae,g__Betatorquevirus,s__Torque_teno_mini_virus_9",1.8747832281892407e-05
"d__Viruses,-__ssDNA_viruses,f__Anelloviridae,g__Epsilontorquevirus,s__Torque_teno_tamarin_virus",0.0
"d__Viruses,-__ssDNA_viruses,f__Anelloviridae,g__Etatorquevirus,s__Torque_teno_felis_virus",0.0
"d__Viruses,-__ssDNA_viruses,f__Anelloviridae,g__Gammatorquevirus,s__Torque_teno_midi_virus_1",0.00015935657439608545
"d__Viruses,-__ssDNA_viruses,f__Anelloviridae,g__Gammatorquevirus,s__Torque_teno_midi_virus_2",2.812174842283861e-05
"d__Viruses,-__ssDNA_viruses,f__Anelloviridae,g__Iotatorquevirus,s__Torque_teno_sus_virus_1a",1.8747832281892407e-05
"d__Viruses,-__ssDNA_viruses,f__Anelloviridae,g__Iotatorquevirus,s__Torque_teno_sus_virus_1b",9.373916140946203e-06
"d__Viruses,-__ssDNA_viruses,f__Anelloviridae,g__Kappatorquevirus,s__Torque_teno_sus_virus_k2",0.0
"d__Viruses,-__ssDNA_viruses,f__Anelloviridae,g__Thetatorquevirus,s__Torque_teno_canis_virus",0.0
"d__Viruses,-__ssDNA_viruses,f__Anelloviridae,g__Zetatorquevirus,s__Torque_teno_douroucouli_virus",0.0
"d__Viruses,-__ssDNA_viruses,f__Circoviridae,-__Cyclovirus,-__unclassified_Cyclovirus,s__Cyclovirus_NG12",0.0
"d__Viruses,-__ssDNA_viruses,f__Circoviridae,-__Cyclovirus,-__unclassified_Cyclovirus,s__Cyclovirus_NG14",0.0
"d__Viruses,-__ssDNA_viruses,f__Circoviridae,-__Cyclovirus,-__unclassified_Cyclovirus,s__Cyclovirus_PK5006",9.373916140946203e-06
"d__Viruses,-__ssDNA_viruses,f__Circoviridae,-__Cyclovirus,-__unclassified_Cyclovirus,s__Cyclovirus_PK5034",0.0
"d__Viruses,-__ssDNA_viruses,f__Circoviridae,-__Cyclovirus,-__unclassified_Cyclovirus,s__Cyclovirus_PK5222",9.373916140946203e-06
"d__Viruses,-__ssDNA_viruses,f__Circoviridae,-__Cyclovirus,-__unclassified_Cyclovirus,s__Cyclovirus_PK5510",9.373916140946203e-06
"d__Viruses,-__ssDNA_viruses,f__Circoviridae,-__Cyclovirus,-__unclassified_Cyclovirus,s__Cyclovirus_PK6197",9.373916140946203e-06
"d__Viruses,-__ssDNA_viruses,f__Circoviridae,-__Cyclovirus,-__unclassified_Cyclovirus,s__Cyclovirus_VN",9.373916140946203e-06
"d__Viruses,-__ssDNA_viruses,f__Circoviridae,-__Cyclovirus,-__unclassified_Cyclovirus,s__Human_cyclovirus",0.0
"d__Viruses,-__ssDNA_viruses,f__Circoviridae,-__Cyclovirus,-__unclassified_Cyclovirus,s__Indian_encephalitis_associated_cyclovirus",9.373916140946203e-06
"d__Viruses,-__ssDNA_viruses,f__Circoviridae,g__Circovirus,s__Human_faeces_associated_circovirus",9.373916140946203e-06
"d__Viruses,-__ssDNA_viruses,f__Circoviridae,g__Circovirus,s__Porcine_circovirus_2",0.0
"d__Viruses,-__ssDNA_viruses,f__Circoviridae,g__Gyrovirus,-__unclassified_Gyrovirus,s__Gyrovirus_4",0.0
"d__Viruses,-__ssDNA_viruses,f__Circoviridae,g__Gyrovirus,-__unclassified_Gyrovirus,s__Gyrovirus_GyV3",9.373916140946203e-06
"d__Viruses,-__ssDNA_viruses,f__Circoviridae,g__Gyrovirus,s__Chicken_anemia_virus",0.0
"d__Viruses,-__ssDNA_viruses,f__Inoviridae,-__environmental_samples,s__Uncultured_phage_WW_nAnB_strain_2",0.00019685223895987027
"d__Viruses,-__ssDNA_viruses,f__Inoviridae,-__environmental_samples,s__Uncultured_phage_WW_nAnB_strain_3",0.00014060874211419303
"d__Viruses,-__ssDNA_viruses,f__Parvoviridae,-__Parvovirinae,-__unclassified_Parvovirinae,s__Bufavirus_3",9.373916140946203e-06
"d__Viruses,-__ssDNA_viruses,f__Parvoviridae,-__Parvovirinae,-__unclassified_Parvovirinae,s__Parvovirus_NIH_CQV",0.0
"d__Viruses,-__ssDNA_viruses,f__Parvoviridae,-__Parvovirinae,g__Bocaparvovirus,-__unclassified_Bocaparvovirus,s__Human_bocavirus",9.373916140946203e-06
"d__Viruses,-__ssDNA_viruses,f__Parvoviridae,-__Parvovirinae,g__Bocaparvovirus,s__Primate_bocaparvovirus_1",1.8747832281892407e-05
"d__Viruses,-__ssDNA_viruses,f__Parvoviridae,-__Parvovirinae,g__Bocaparvovirus,s__Primate_bocaparvovirus_2",9.373916140946203e-06
"d__Viruses,-__ssDNA_viruses,f__Parvoviridae,-__Parvovirinae,g__Dependoparvovirus,s__Adeno_associated_dependoparvovirus_A",0.00039370447791974055
"d__Viruses,-__ssDNA_viruses,f__Parvoviridae,-__Parvovirinae,g__Dependoparvovirus,s__Adeno_associated_dependoparvovirus_B",0.00024372181966460127
"d__Viruses,-__ssDNA_viruses,f__Parvoviridae,-__Parvovirinae,g__Erythroparvovirus,-__unclassified_Erythrovirus,s__Human_erythrovirus_V9",0.00028121748422838607
"d__Viruses,-__ssDNA_viruses,f__Parvoviridae,-__Parvovirinae,g__Erythroparvovirus,s__Primate_erythroparvovirus_1",0.0002905914003693323
"d__Viruses,-__ssDNA_viruses,f__Parvoviridae,-__Parvovirinae,g__Tetraparvovirus,s__Primate_tetraparvovirus_1",3.7495664563784814e-05
"d__Viruses,-__ssRNA_viruses,-__ssRNA_negative_strand_viruses,f__Arenaviridae,-__unclassified_Arenaviridae,g__Arenavirus,-__Old_world_arenaviruses,-__unclassified_Old_world_arenaviruses,s__Mopeia_Lassa_virus_reassortant_29",0.0006842958782890728
"d__Viruses,-__ssRNA_viruses,-__ssRNA_negative_strand_viruses,f__Arenaviridae,-__unclassified_Arenaviridae,s__Morogoro_mammarenavirus",0.00038433056177879433
"d__Viruses,-__ssRNA_viruses,-__ssRNA_negative_strand_viruses,f__Arenaviridae,g__Mammarenavirus,s__Allpahuayo_mammarenavirus",0.0006749219621481267
"d__Viruses,-__ssRNA_viruses,-__ssRNA_negative_strand_viruses,f__Arenaviridae,g__Mammarenavirus,s__Amapar_mammarenavirus",0.0008061567881213734
"d__Viruses,-__ssRNA_viruses,-__ssRNA_negative_strand_viruses,f__Arenaviridae,g__Mammarenavirus,s__Bear_Canyon_mammarenavirus",0.0005436871361748798
"d__Viruses,-__ssRNA_viruses,-__ssRNA_negative_strand_viruses,f__Arenaviridae,g__Mammarenavirus,s__Chapare_mammarenavirus",0.0009561394463765127
"d__Viruses,-__ssRNA_viruses,-__ssRNA_negative_strand_viruses,f__Arenaviridae,g__Mammarenavirus,s__Cupixi_mammarenavirus",0.0007874089558394811
"d__Viruses,-__ssRNA_viruses,-__ssRNA_negative_strand_viruses,f__Arenaviridae,g__Mammarenavirus,s__Flexal_mammarenavirus",0.0006280523814433956
"d__Viruses,-__ssRNA_viruses,-__ssRNA_negative_strand_viruses,f__Arenaviridae,g__Mammarenavirus,s__Gairo_mammarenavirus",0.0007592872074166424
"d__Viruses,-__ssRNA_viruses,-__ssRNA_negative_strand_viruses,f__Arenaviridae,g__Mammarenavirus,s__Guanarito_mammarenavirus",0.0009373916140946203
"d__Viruses,-__ssRNA_viruses,-__ssRNA_negative_strand_viruses,f__Arenaviridae,g__Mammarenavirus,s__Ippy_mammarenavirus",0.0006842958782890728
"d__Viruses,-__ssRNA_viruses,-__ssRNA_negative_strand_viruses,f__Arenaviridae,g__Mammarenavirus,s__Junin_mammarenavirus",0.0009936351109402976
"d__Viruses,-__ssRNA_viruses,-__ssRNA_negative_strand_viruses,f__Arenaviridae,g__Mammarenavirus,s__Lassa_mammarenavirus",0.0010873742723497596
"d__Viruses,-__ssRNA_viruses,-__ssRNA_negative_strand_viruses,f__Arenaviridae,g__Mammarenavirus,s__Latino_mammarenavirus",0.000553061052315826
"d__Viruses,-__ssRNA_viruses,-__ssRNA_negative_strand_viruses,f__Arenaviridae,g__Mammarenavirus,s__Lujo_mammarenavirus",0.00041245231020163294
"d__Viruses,-__ssRNA_viruses,-__ssRNA_negative_strand_viruses,f__Arenaviridae,g__Mammarenavirus,s__Luna_mammarenavirus",0.0007217915428528577
"d__Viruses,-__ssRNA_viruses,-__ssRNA_negative_strand_viruses,f__Arenaviridae,g__Mammarenavirus,s__Lunk_mammarenavirus",0.0007124176267119114
"d__Viruses,-__ssRNA_viruses,-__ssRNA_negative_strand_viruses,f__Arenaviridae,g__Mammarenavirus,s__Lymphocytic_choriomeningitis_mammarenavirus",0.0008342785365442121
"d__Viruses,-__ssRNA_viruses,-__ssRNA_negative_strand_viruses,f__Arenaviridae,g__Mammarenavirus,s__Machupo_mammarenavirus",0.0009373916140946203
"d__Viruses,-__ssRNA_viruses,-__ssRNA_negative_strand_viruses,f__Arenaviridae,g__Mammarenavirus,s__Mobala_mammarenavirus",0.0006749219621481267
"d__Viruses,-__ssRNA_viruses,-__ssRNA_negative_strand_viruses,f__Arenaviridae,g__Mammarenavirus,s__Mopeia_mammarenavirus",0.0006842958782890728
"d__Viruses,-__ssRNA_viruses,-__ssRNA_negative_strand_viruses,f__Arenaviridae,g__Mammarenavirus,s__Oliveros_mammarenavirus",0.0005811828007386646
"d__Viruses,-__ssRNA_viruses,-__ssRNA_negative_strand_viruses,f__Arenaviridae,g__Mammarenavirus,s__Parana_mammarenavirus",0.000599930633020557
"d__Viruses,-__ssRNA_viruses,-__ssRNA_negative_strand_viruses,f__Arenaviridae,g__Mammarenavirus,s__Pichinde_mammarenavirus",0.0008061567881213734
"d__Viruses,-__ssRNA_viruses,-__ssRNA_negative_strand_viruses,f__Arenaviridae,g__Mammarenavirus,s__Pirital_mammarenavirus",0.0007124176267119114
"d__Viruses,-__ssRNA_viruses,-__ssRNA_negative_strand_viruses,f__Arenaviridae,g__Mammarenavirus,s__Sabia_mammarenavirus",0.0009748872786584051
"d__Viruses,-__ssRNA_viruses,-__ssRNA_negative_strand_viruses,f__Arenaviridae,g__Mammarenavirus,s__Tacaribe_mammarenavirus",0.0008530263688261045
"d__Viruses,-__ssRNA_viruses,-__ssRNA_negative_strand_viruses,f__Arenaviridae,g__Mammarenavirus,s__Tamiami_mammarenavirus",0.0004968175554701488
"d__Viruses,-__ssRNA_viruses,-__ssRNA_negative_strand_viruses,f__Arenaviridae,g__Mammarenavirus,s__Whitewater_Arroyo_mammarenavirus",0.0005905567168796108
"d__Viruses,-__ssRNA_viruses,-__ssRNA_negative_strand_viruses,f__Arenaviridae,g__Reptarenavirus,s__Alethinophid_1_reptarenavirus",3.7495664563784814e-05
"d__Viruses,-__ssRNA_viruses,-__ssRNA_negative_strand_viruses,f__Arenaviridae,g__Reptarenavirus,s__Alethinophid_3_reptarenavirus",2.812174842283861e-05
"d__Viruses,-__ssRNA_viruses,-__ssRNA_negative_strand_viruses,f__Orthomyxoviridae,g__Influenzavirus_A,s__Influenza_A_virus",0.0014154613372828766
"d__Viruses,-__ssRNA_viruses,-__ssRNA_negative_strand_viruses,f__Orthomyxoviridae,g__Influenzavirus_B,s__Influenza_B_virus",0.0008249046204032659
"d__Viruses,-__ssRNA_viruses,-__ssRNA_negative_strand_viruses,f__Orthomyxoviridae,g__Influenzavirus_C,s__Influenza_C_virus",0.0006749219621481267
"d__Viruses,-__ssRNA_viruses,-__ssRNA_negative_strand_viruses,f__Orthomyxoviridae,g__Thogotovirus,s__Dhori_virus",0.0003749566456378481
"d__Viruses,-__ssRNA_viruses,-__ssRNA_negative_strand_viruses,f__Orthomyxoviridae,g__Thogotovirus,s__Thogoto_virus",7.499132912756963e-05
"d__Viruses,-__ssRNA_viruses,-__ssRNA_negative_strand_viruses,o__Bunyavirales,f__Hantaviridae,g__Orthohantavirus,-__unclassified_Orthohantavirus,-__unclassified_Hantavirus,s__Hantavirus_Z10",0.0008249046204032659
"d__Viruses,-__ssRNA_viruses,-__ssRNA_negative_strand_viruses,o__Bunyavirales,f__Hantaviridae,g__Orthohantavirus,s__Bowe_orthohantavirus",0.0006280523814433956
"d__Viruses,-__ssRNA_viruses,-__ssRNA_negative_strand_viruses,o__Bunyavirales,f__Hantaviridae,g__Orthohantavirus,s__Bruges_orthohantavirus",0.0006374262975843418
"d__Viruses,-__ssRNA_viruses,-__ssRNA_negative_strand_viruses,o__Bunyavirales,f__Hantaviridae,g__Orthohantavirus,s__Cao_Bang_orthohantavirus",0.0006561741298662342
"d__Viruses,-__ssRNA_viruses,-__ssRNA_negative_strand_viruses,o__Bunyavirales,f__Hantaviridae,g__Orthohantavirus,s__Dobrava_Belgrade_orthohantavirus",0.0008342785365442121
"d__Viruses,-__ssRNA_viruses,-__ssRNA_negative_strand_viruses,o__Bunyavirales,f__Hantaviridae,g__Orthohantavirus,s__Fugong_orthohantavirus",0.0008061567881213734
"d__Viruses,-__ssRNA_viruses,-__ssRNA_negative_strand_viruses,o__Bunyavirales,f__Hantaviridae,g__Orthohantavirus,s__Hantaan_orthohantavirus",0.0008155307042623197
"d__Viruses,-__ssRNA_viruses,-__ssRNA_negative_strand_viruses,o__Bunyavirales,f__Hantaviridae,g__Orthohantavirus,s__Jeju_orthohantavirus",0.0006655480460071805
"d__Viruses,-__ssRNA_viruses,-__ssRNA_negative_strand_viruses,o__Bunyavirales,f__Hantaviridae,g__Orthohantavirus,s__Montano_orthohantavirus",0.0008155307042623197
"d__Viruses,-__ssRNA_viruses,-__ssRNA_negative_strand_viruses,o__Bunyavirales,f__Hantaviridae,g__Orthohantavirus,s__Nova_orthohantavirus",0.0004312001424835253
"d__Viruses,-__ssRNA_viruses,-__ssRNA_negative_strand_viruses,o__Bunyavirales,f__Hantaviridae,g__Orthohantavirus,s__Puumala_orthohantavirus",0.0008155307042623197
"d__Viruses,-__ssRNA_viruses,-__ssRNA_negative_strand_viruses,o__Bunyavirales,f__Hantaviridae,g__Orthohantavirus,s__Quezon_orthohantavirus",0.00046869580704731015
"d__Viruses,-__ssRNA_viruses,-__ssRNA_negative_strand_viruses,o__Bunyavirales,f__Hantaviridae,g__Orthohantavirus,s__Seoul_orthohantavirus",0.0008342785365442121
"d__Viruses,-__ssRNA_viruses,-__ssRNA_negative_strand_viruses,o__Bunyavirales,f__Hantaviridae,g__Orthohantavirus,s__Sin_Nombre_orthohantavirus",0.0008436524526851583
"d__Viruses,-__ssRNA_viruses,-__ssRNA_negative_strand_viruses,o__Bunyavirales,f__Hantaviridae,g__Orthohantavirus,s__Tula_orthohantavirus",0.0008155307042623197
"d__Viruses,-__ssRNA_viruses,-__ssRNA_negative_strand_viruses,o__Bunyavirales,f__Nairoviridae,g__Orthonairovirus,-__unclassified_Nairovirus,s__Leopards_Hill_virus",0.00025309573580554746
"d__Viruses,-__ssRNA_viruses,-__ssRNA_negative_strand_viruses,o__Bunyavirales,f__Nairoviridae,g__Orthonairovirus,-__unclassified_Nairovirus,s__Tofla_virus",0.0007686611235575887
"d__Viruses,-__ssRNA_viruses,-__ssRNA_negative_strand_viruses,o__Bunyavirales,f__Nairoviridae,g__Orthonairovirus,-__unclassified_Nairovirus,s__Yogue_virus",0.0002718435680874399
"d__Viruses,-__ssRNA_viruses,-__ssRNA_negative_strand_viruses,o__Bunyavirales,f__Nairoviridae,g__Orthonairovirus,s__Crimean_Congo_hemorrhagic_fever_orthonairovirus",0.0012092351821820601
"d__Viruses,-__ssRNA_viruses,-__ssRNA_negative_strand_viruses,o__Bunyavirales,f__Nairoviridae,g__Orthonairovirus,s__Dugbe_orthonairovirus",0.0012092351821820601
"d__Viruses,-__ssRNA_viruses,-__ssRNA_negative_strand_viruses,o__Bunyavirales,f__Nairoviridae,g__Orthonairovirus,s__Hughes_orthonairovirus",0.00019685223895987027
"d__Viruses,-__ssRNA_viruses,-__ssRNA_negative_strand_viruses,o__Bunyavirales,f__Nairoviridae,g__Orthonairovirus,s__Kasokero_orthonairovirus",9.373916140946203e-06
"d__Viruses,-__ssRNA_viruses,-__ssRNA_negative_strand_viruses,o__Bunyavirales,f__Nairoviridae,g__Orthonairovirus,s__Keterah_orthonairovirus",0.00021560007124176266
"d__Viruses,-__ssRNA_viruses,-__ssRNA_negative_strand_viruses,o__Bunyavirales,f__Nairoviridae,g__Orthonairovirus,s__Nairobi_sheep_disease_orthonairovirus",0.0011436177691954367
"d__Viruses,-__ssRNA_viruses,-__ssRNA_negative_strand_viruses,o__Bunyavirales,f__Nairoviridae,g__Orthonairovirus,s__Thiafora_orthonairovirus",0.0003468348972150095
"d__Viruses,-__ssRNA_viruses,-__ssRNA_negative_strand_viruses,o__Bunyavirales,f__Peribunyaviridae,g__Orthobunyavirus,-__unclassified_Orthobunyavirus,s__Brazoran_virus",0.00030933923265122473
"d__Viruses,-__ssRNA_viruses,-__ssRNA_negative_strand_viruses,o__Bunyavirales,f__Peribunyaviridae,g__Orthobunyavirus,s__Akabane_orthobunyavirus",0.00044994797476541776
"d__Viruses,-__ssRNA_viruses,-__ssRNA_negative_strand_viruses,o__Bunyavirales,f__Peribunyaviridae,g__Orthobunyavirus,s__Bunyamwera_orthobunyavirus",0.0009092698656717817
"d__Viruses,-__ssRNA_viruses,-__ssRNA_negative_strand_viruses,o__Bunyavirales,f__Peribunyaviridae,g__Orthobunyavirus,s__Bwamba_orthobunyavirus",0.000599930633020557
"d__Viruses,-__ssRNA_viruses,-__ssRNA_negative_strand_viruses,o__Bunyavirales,f__Peribunyaviridae,g__Orthobunyavirus,s__California_encephalitis_orthobunyavirus",0.0009467655302355665
"d__Viruses,-__ssRNA_viruses,-__ssRNA_negative_strand_viruses,o__Bunyavirales,f__Peribunyaviridae,g__Orthobunyavirus,s__Capim_orthobunyavirus",0.00030933923265122473
"d__Viruses,-__ssRNA_viruses,-__ssRNA_negative_strand_viruses,o__Bunyavirales,f__Peribunyaviridae,g__Orthobunyavirus,s__Caraparu_orthobunyavirus",0.0003468348972150095
"d__Viruses,-__ssRNA_viruses,-__ssRNA_negative_strand_viruses,o__Bunyavirales,f__Peribunyaviridae,g__Orthobunyavirus,s__Guaroa_orthobunyavirus",0.00044994797476541776
"d__Viruses,-__ssRNA_viruses,-__ssRNA_negative_strand_viruses,o__Bunyavirales,f__Peribunyaviridae,g__Orthobunyavirus,s__Kaeng_Khoi_orthobunyavirus",0.00048744363932920254
"d__Viruses,-__ssRNA_viruses,-__ssRNA_negative_strand_viruses,o__Bunyavirales,f__Peribunyaviridae,g__Orthobunyavirus,s__Madrid_orthobunyavirus",0.0003280870649331171
"d__Viruses,-__ssRNA_viruses,-__ssRNA_negative_strand_viruses,o__Bunyavirales,f__Peribunyaviridae,g__Orthobunyavirus,s__Manzanilla_orthobunyavirus",0.0008811481172489431
"d__Viruses,-__ssRNA_viruses,-__ssRNA_negative_strand_viruses,o__Bunyavirales,f__Peribunyaviridae,g__Orthobunyavirus,s__Marituba_orthobunyavirus",0.0003280870649331171
"d__Viruses,-__ssRNA_viruses,-__ssRNA_negative_strand_viruses,o__Bunyavirales,f__Peribunyaviridae,g__Orthobunyavirus,s__Nyando_orthobunyavirus",0.0004312001424835253
"d__Viruses,-__ssRNA_viruses,-__ssRNA_negative_strand_viruses,o__Bunyavirales,f__Peribunyaviridae,g__Orthobunyavirus,s__Oriboca_orthobunyavirus",0.0003468348972150095
"d__Viruses,-__ssRNA_viruses,-__ssRNA_negative_strand_viruses,o__Bunyavirales,f__Peribunyaviridae,g__Orthobunyavirus,s__Oropouche_orthobunyavirus",0.001152991685336383
"d__Viruses,-__ssRNA_viruses,-__ssRNA_negative_strand_viruses,o__Bunyavirales,f__Peribunyaviridae,g__Orthobunyavirus,s__Sathuperi_orthobunyavirus",0.00047806972318825637
"d__Viruses,-__ssRNA_viruses,-__ssRNA_negative_strand_viruses,o__Bunyavirales,f__Peribunyaviridae,g__Orthobunyavirus,s__Shamonda_orthobunyavirus",0.00045932189090636393
"d__Viruses,-__ssRNA_viruses,-__ssRNA_negative_strand_viruses,o__Bunyavirales,f__Peribunyaviridae,g__Orthobunyavirus,s__Shuni_orthobunyavirus",0.0004312001424835253
"d__Viruses,-__ssRNA_viruses,-__ssRNA_negative_strand_viruses,o__Bunyavirales,f__Peribunyaviridae,g__Orthobunyavirus,s__Simbu_orthobunyavirus",0.0004968175554701488
"d__Viruses,-__ssRNA_viruses,-__ssRNA_negative_strand_viruses,o__Bunyavirales,f__Peribunyaviridae,g__Orthobunyavirus,s__Tete_orthobunyavirus",0.0004030783940606867
"d__Viruses,-__ssRNA_viruses,-__ssRNA_negative_strand_viruses,o__Bunyavirales,f__Peribunyaviridae,g__Orthobunyavirus,s__Wyeomyia_orthobunyavirus",0.0006655480460071805
"d__Viruses,-__ssRNA_viruses,-__ssRNA_negative_strand_viruses,o__Bunyavirales,f__Phenuiviridae,g__Phlebovirus,-__unclassified_Phlebovirus,-__Bhanja_serogroup,s__Bhanja_virus",3.7495664563784814e-05
"d__Viruses,-__ssRNA_viruses,-__ssRNA_negative_strand_viruses,o__Bunyavirales,f__Phenuiviridae,g__Phlebovirus,-__unclassified_Phlebovirus,-__Bhanja_serogroup,s__Razdan_virus",2.812174842283861e-05
"d__Viruses,-__ssRNA_viruses,-__ssRNA_negative_strand_viruses,o__Bunyavirales,f__Phenuiviridae,g__Phlebovirus,-__unclassified_Phlebovirus,s__Aguacate_virus",0.00038433056177879433
"d__Viruses,-__ssRNA_viruses,-__ssRNA_negative_strand_viruses,o__Bunyavirales,f__Phenuiviridae,g__Phlebovirus,-__unclassified_Phlebovirus,s__Ambe_virus",0.00039370447791974055
"d__Viruses,-__ssRNA_viruses,-__ssRNA_negative_strand_viruses,o__Bunyavirales,f__Phenuiviridae,g__Phlebovirus,-__unclassified_Phlebovirus,s__Anhanga_virus",0.00038433056177879433
"d__Viruses,-__ssRNA_viruses,-__ssRNA_negative_strand_viruses,o__Bunyavirales,f__Phenuiviridae,g__Phlebovirus,-__unclassified_Phlebovirus,s__Arrabida_virus",0.00042182622634257916
"d__Viruses,-__ssRNA_viruses,-__ssRNA_negative_strand_viruses,o__Bunyavirales,f__Phenuiviridae,g__Phlebovirus,-__unclassified_Phlebovirus,s__Arumowot_virus",0.0002624696519464937
"d__Viruses,-__ssRNA_viruses,-__ssRNA_negative_strand_viruses,o__Bunyavirales,f__Phenuiviridae,g__Phlebovirus,-__unclassified_Phlebovirus,s__Heartland_virus",6.561741298662342e-05
"d__Viruses,-__ssRNA_viruses,-__ssRNA_negative_strand_viruses,o__Bunyavirales,f__Phenuiviridae,g__Phlebovirus,-__unclassified_Phlebovirus,s__Sandfly_fever_Sicilian_virus",0.0007967828719804272
"d__Viruses,-__ssRNA_viruses,-__ssRNA_negative_strand_viruses,o__Bunyavirales,f__Phenuiviridae,g__Phlebovirus,-__unclassified_Phlebovirus,s__Tapara_virus",0.00030933923265122473
"d__Viruses,-__ssRNA_viruses,-__ssRNA_negative_strand_viruses,o__Bunyavirales,f__Phenuiviridae,g__Phlebovirus,-__unclassified_Phlebovirus,s__Toros_virus",0.00044994797476541776
"d__Viruses,-__ssRNA_viruses,-__ssRNA_negative_strand_viruses,o__Bunyavirales,f__Phenuiviridae,g__Phlebovirus,-__unclassified_Phlebovirus,s__Uriurana_virus",0.0003280870649331171
"d__Viruses,-__ssRNA_viruses,-__ssRNA_negative_strand_viruses,o__Bunyavirales,f__Phenuiviridae,g__Phlebovirus,-__unclassified_Phlebovirus,s__Urucuri_virus",0.0003187131487921709
"d__Viruses,-__ssRNA_viruses,-__ssRNA_negative_strand_viruses,o__Bunyavirales,f__Phenuiviridae,g__Phlebovirus,-__unclassified_Phlebovirus,s__Zerdali_virus",0.0004312001424835253
"d__Viruses,-__ssRNA_viruses,-__ssRNA_negative_strand_viruses,o__Bunyavirales,f__Phenuiviridae,g__Phlebovirus,s__Bujaru_phlebovirus",0.00033746098107406334
"d__Viruses,-__ssRNA_viruses,-__ssRNA_negative_strand_viruses,o__Bunyavirales,f__Phenuiviridae,g__Phlebovirus,s__Candiru_phlebovirus",0.00044994797476541776
"d__Viruses,-__ssRNA_viruses,-__ssRNA_negative_strand_viruses,o__Bunyavirales,f__Phenuiviridae,g__Phlebovirus,s__Punta_Toro_phlebovirus",0.0006093045491615032
"d__Viruses,-__ssRNA_viruses,-__ssRNA_negative_strand_viruses,o__Bunyavirales,f__Phenuiviridae,g__Phlebovirus,s__Rift_Valley_fever_phlebovirus",0.0007780350396985349
"d__Viruses,-__ssRNA_viruses,-__ssRNA_negative_strand_viruses,o__Bunyavirales,f__Phenuiviridae,g__Phlebovirus,s__SFTS_phlebovirus",5.624349684567722e-05
"d__Viruses,-__ssRNA_viruses,-__ssRNA_negative_strand_viruses,o__Bunyavirales,f__Phenuiviridae,g__Phlebovirus,s__Salehabad_phlebovirus",0.0003280870649331171
"d__Viruses,-__ssRNA_viruses,-__ssRNA_negative_strand_viruses,o__Bunyavirales,f__Phenuiviridae,g__Phlebovirus,s__Sandfly_fever_Naples_phlebovirus",0.0009842611947993513
"d__Viruses,-__ssRNA_viruses,-__ssRNA_negative_strand_viruses,o__Bunyavirales,f__Phenuiviridae,g__Phlebovirus,s__Uukuniemi_phlebovirus",0.00074053937513475
"d__Viruses,-__ssRNA_viruses,-__ssRNA_negative_strand_viruses,o__Mononegavirales,f__Filoviridae,g__Cuevavirus,s__Lloviu_cuevavirus",0.000599930633020557
"d__Viruses,-__ssRNA_viruses,-__ssRNA_negative_strand_viruses,o__Mononegavirales,f__Filoviridae,g__Ebolavirus,s__Bundibugyo_ebolavirus",0.0010780003562088133
"d__Viruses,-__ssRNA_viruses,-__ssRNA_negative_strand_viruses,o__Mononegavirales,f__Filoviridae,g__Ebolavirus,s__Reston_ebolavirus",0.001059252523926921
"d__Viruses,-__ssRNA_viruses,-__ssRNA_negative_strand_viruses,o__Mononegavirales,f__Filoviridae,g__Ebolavirus,s__Sudan_ebolavirus",0.0010686264400678672
"d__Viruses,-__ssRNA_viruses,-__ssRNA_negative_strand_viruses,o__Mononegavirales,f__Filoviridae,g__Ebolavirus,s__Tai_Forest_ebolavirus",0.0010967481884907057
"d__Viruses,-__ssRNA_viruses,-__ssRNA_negative_strand_viruses,o__Mononegavirales,f__Filoviridae,g__Ebolavirus,s__Zaire_ebolavirus",0.0012279830144639526
"d__Viruses,-__ssRNA_viruses,-__ssRNA_negative_strand_viruses,o__Mononegavirales,f__Filoviridae,g__Marburgvirus,s__Marburg_marburgvirus",0.0009748872786584051
"d__Viruses,-__ssRNA_viruses,-__ssRNA_negative_strand_viruses,o__Mononegavirales,f__Paramyxoviridae,-__unclassified_Paramyxoviridae,s__Beilong_virus",0.00033746098107406334
"d__Viruses,-__ssRNA_viruses,-__ssRNA_negative_strand_viruses,o__Mononegavirales,f__Paramyxoviridae,-__unclassified_Paramyxoviridae,s__J_virus",0.0003562088133559557
"d__Viruses,-__ssRNA_viruses,-__ssRNA_negative_strand_viruses,o__Mononegavirales,f__Paramyxoviridae,-__unclassified_Paramyxoviridae,s__Mossman_virus",0.0003749566456378481
"d__Viruses,-__ssRNA_viruses,-__ssRNA_negative_strand_viruses,o__Mononegavirales,f__Paramyxoviridae,-__unclassified_Paramyxoviridae,s__Nariva_virus",0.0004030783940606867
"d__Viruses,-__ssRNA_viruses,-__ssRNA_negative_strand_viruses,o__Mononegavirales,f__Paramyxoviridae,-__unclassified_Paramyxoviridae,s__Salem_virus",0.0003468348972150095
"d__Viruses,-__ssRNA_viruses,-__ssRNA_negative_strand_viruses,o__Mononegavirales,f__Paramyxoviridae,-__unclassified_Paramyxoviridae,s__Tailam_virus",0.00033746098107406334
"d__Viruses,-__ssRNA_viruses,-__ssRNA_negative_strand_viruses,o__Mononegavirales,f__Paramyxoviridae,-__unclassified_Paramyxoviridae,s__Tupaia_paramyxovirus",0.00033746098107406334
"d__Viruses,-__ssRNA_viruses,-__ssRNA_negative_strand_viruses,o__Mononegavirales,f__Paramyxoviridae,g__Aquaparamyxovirus,s__Salmon_aquaparamyxovirus",0.0002905914003693323
"d__Viruses,-__ssRNA_viruses,-__ssRNA_negative_strand_viruses,o__Mononegavirales,f__Paramyxoviridae,g__Avulavirus,-__unclassified_Avulavirus,s__Avian_paramyxovirus_13",6.561741298662342e-05
"d__Viruses,-__ssRNA_viruses,-__ssRNA_negative_strand_viruses,o__Mononegavirales,f__Paramyxoviridae,g__Avulavirus,-__unclassified_Avulavirus,s__Goose_paramyxovirus_SF02",9.373916140946203e-05
"d__Viruses,-__ssRNA_viruses,-__ssRNA_negative_strand_viruses,o__Mononegavirales,f__Paramyxoviridae,g__Avulavirus,s__Avian_avulavirus_1",0.00021560007124176266
"d__Viruses,-__ssRNA_viruses,-__ssRNA_negative_strand_viruses,o__Mononegavirales,f__Paramyxoviridae,g__Avulavirus,s__Avian_avulavirus_10",0.00016873049053703167
"d__Viruses,-__ssRNA_viruses,-__ssRNA_negative_strand_viruses,o__Mononegavirales,f__Paramyxoviridae,g__Avulavirus,s__Avian_avulavirus_11",0.00015935657439608545
"d__Viruses,-__ssRNA_viruses,-__ssRNA_negative_strand_viruses,o__Mononegavirales,f__Paramyxoviridae,g__Avulavirus,s__Avian_avulavirus_12",4.6869580704731014e-05
"d__Viruses,-__ssRNA_viruses,-__ssRNA_negative_strand_viruses,o__Mononegavirales,f__Paramyxoviridae,g__Avulavirus,s__Avian_avulavirus_3",0.00013123482597324684
"d__Viruses,-__ssRNA_viruses,-__ssRNA_negative_strand_viruses,o__Mononegavirales,f__Paramyxoviridae,g__Avulavirus,s__Avian_avulavirus_4",0.00014998265825513925
"d__Viruses,-__ssRNA_viruses,-__ssRNA_negative_strand_viruses,o__Mononegavirales,f__Paramyxoviridae,g__Avulavirus,s__Avian_avulavirus_5",0.00014998265825513925
"d__Viruses,-__ssRNA_viruses,-__ssRNA_negative_strand_viruses,o__Mononegavirales,f__Paramyxoviridae,g__Avulavirus,s__Avian_avulavirus_6",0.0003187131487921709
"d__Viruses,-__ssRNA_viruses,-__ssRNA_negative_strand_viruses,o__Mononegavirales,f__Paramyxoviridae,g__Avulavirus,s__Avian_avulavirus_7",0.00020622615510081647
"d__Viruses,-__ssRNA_viruses,-__ssRNA_negative_strand_viruses,o__Mononegavirales,f__Paramyxoviridae,g__Avulavirus,s__Avian_avulavirus_8",0.00015935657439608545
"d__Viruses,-__ssRNA_viruses,-__ssRNA_negative_strand_viruses,o__Mononegavirales,f__Paramyxoviridae,g__Avulavirus,s__Avian_avulavirus_9",0.00011248699369135444
"d__Viruses,-__ssRNA_viruses,-__ssRNA_negative_strand_viruses,o__Mononegavirales,f__Paramyxoviridae,g__Ferlavirus,s__Reptilian_ferlavirus",0.00025309573580554746
"d__Viruses,-__ssRNA_viruses,-__ssRNA_negative_strand_viruses,o__Mononegavirales,f__Paramyxoviridae,g__Henipavirus,s__Cedar_henipavirus",0.00046869580704731015
"d__Viruses,-__ssRNA_viruses,-__ssRNA_negative_strand_viruses,o__Mononegavirales,f__Paramyxoviridae,g__Henipavirus,s__Hendra_henipavirus",0.0010686264400678672
"d__Viruses,-__ssRNA_viruses,-__ssRNA_negative_strand_viruses,o__Mononegavirales,f__Paramyxoviridae,g__Henipavirus,s__Mojiang_henipavirus",0.00048744363932920254
"d__Viruses,-__ssRNA_viruses,-__ssRNA_negative_strand_viruses,o__Mononegavirales,f__Paramyxoviridae,g__Henipavirus,s__Nipah_henipavirus",0.001059252523926921
"d__Viruses,-__ssRNA_viruses,-__ssRNA_negative_strand_viruses,o__Mononegavirales,f__Paramyxoviridae,g__Morbillivirus,s__Canine_morbillivirus",0.00074053937513475
"d__Viruses,-__ssRNA_viruses,-__ssRNA_negative_strand_viruses,o__Mononegavirales,f__Paramyxoviridae,g__Morbillivirus,s__Cetacean_morbillivirus",0.0007311654589938039
"d__Viruses,-__ssRNA_viruses,-__ssRNA_negative_strand_viruses,o__Mononegavirales,f__Paramyxoviridae,g__Morbillivirus,s__Feline_morbillivirus",0.00047806972318825637
"d__Viruses,-__ssRNA_viruses,-__ssRNA_negative_strand_viruses,o__Mononegavirales,f__Paramyxoviridae,g__Morbillivirus,s__Measles_morbillivirus",0.0010217568593631362
"d__Viruses,-__ssRNA_viruses,-__ssRNA_negative_strand_viruses,o__Mononegavirales,f__Paramyxoviridae,g__Morbillivirus,s__Phocine_morbillivirus",0.0007124176267119114
"d__Viruses,-__ssRNA_viruses,-__ssRNA_negative_strand_viruses,o__Mononegavirales,f__Paramyxoviridae,g__Morbillivirus,s__Rinderpest_morbillivirus",0.0008155307042623197
"d__Viruses,-__ssRNA_viruses,-__ssRNA_negative_strand_viruses,o__Mononegavirales,f__Paramyxoviridae,g__Morbillivirus,s__Small_ruminant_morbillivirus",0.0008155307042623197
"d__Viruses,-__ssRNA_viruses,-__ssRNA_negative_strand_viruses,o__Mononegavirales,f__Paramyxoviridae,g__Respirovirus,s__Bovine_respirovirus_3",0.0009748872786584051
"d__Viruses,-__ssRNA_viruses,-__ssRNA_negative_strand_viruses,o__Mononegavirales,f__Paramyxoviridae,g__Respirovirus,s__Human_respirovirus_1",0.0008436524526851583
"d__Viruses,-__ssRNA_viruses,-__ssRNA_negative_strand_viruses,o__Mononegavirales,f__Paramyxoviridae,g__Respirovirus,s__Human_respirovirus_3",0.0009842611947993513
"d__Viruses,-__ssRNA_viruses,-__ssRNA_negative_strand_viruses,o__Mononegavirales,f__Paramyxoviridae,g__Respirovirus,s__Murine_respirovirus",0.0007780350396985349
"d__Viruses,-__ssRNA_viruses,-__ssRNA_negative_strand_viruses,o__Mononegavirales,f__Paramyxoviridae,g__Respirovirus,s__Porcine_respirovirus_1",0.000693669794430019
"d__Viruses,-__ssRNA_viruses,-__ssRNA_negative_strand_viruses,o__Mononegavirales,f__Paramyxoviridae,g__Rubulavirus,s__Achimota_rubulavirus_1",0.00041245231020163294
"d__Viruses,-__ssRNA_viruses,-__ssRNA_negative_strand_viruses,o__Mononegavirales,f__Paramyxoviridae,g__Rubulavirus,s__Achimota_rubulavirus_2",0.00047806972318825637
"d__Viruses,-__ssRNA_viruses,-__ssRNA_negative_strand_viruses,o__Mononegavirales,f__Paramyxoviridae,g__Rubulavirus,s__Human_rubulavirus_2",0.0010967481884907057
"d__Viruses,-__ssRNA_viruses,-__ssRNA_negative_strand_viruses,o__Mononegavirales,f__Paramyxoviridae,g__Rubulavirus,s__Human_rubulavirus_4",0.0007499132912756962
"d__Viruses,-__ssRNA_viruses,-__ssRNA_negative_strand_viruses,o__Mononegavirales,f__Paramyxoviridae,g__Rubulavirus,s__Mammalian_rubulavirus_5",0.0011436177691954367
"d__Viruses,-__ssRNA_viruses,-__ssRNA_negative_strand_viruses,o__Mononegavirales,f__Paramyxoviridae,g__Rubulavirus,s__Menangle_rubulavirus",0.00038433056177879433
"d__Viruses,-__ssRNA_viruses,-__ssRNA_negative_strand_viruses,o__Mononegavirales,f__Paramyxoviridae,g__Rubulavirus,s__Mumps_rubulavirus",0.0010873742723497596
"d__Viruses,-__ssRNA_viruses,-__ssRNA_negative_strand_viruses,o__Mononegavirales,f__Paramyxoviridae,g__Rubulavirus,s__Porcine_rubulavirus",0.00048744363932920254
"d__Viruses,-__ssRNA_viruses,-__ssRNA_negative_strand_viruses,o__Mononegavirales,f__Paramyxoviridae,g__Rubulavirus,s__Sosuga_rubulavirus",0.0003468348972150095
"d__Viruses,-__ssRNA_viruses,-__ssRNA_negative_strand_viruses,o__Mononegavirales,f__Paramyxoviridae,g__Rubulavirus,s__Tioman_rubulavirus",0.00036558272949690194
"d__Viruses,-__ssRNA_viruses,-__ssRNA_negative_strand_viruses,o__Mononegavirales,f__Paramyxoviridae,g__Rubulavirus,s__Tuhoko_rubulavirus_1",0.00039370447791974055
"d__Viruses,-__ssRNA_viruses,-__ssRNA_negative_strand_viruses,o__Mononegavirales,f__Paramyxoviridae,g__Rubulavirus,s__Tuhoko_rubulavirus_2",0.0004030783940606867
"d__Viruses,-__ssRNA_viruses,-__ssRNA_negative_strand_viruses,o__Mononegavirales,f__Paramyxoviridae,g__Rubulavirus,s__Tuhoko_rubulavirus_3",0.0003562088133559557
"d__Viruses,-__ssRNA_viruses,-__ssRNA_negative_strand_viruses,o__Mononegavirales,f__Pneumoviridae,g__Metapneumovirus,s__Human_metapneumovirus",0.0007686611235575887
"d__Viruses,-__ssRNA_viruses,-__ssRNA_negative_strand_viruses,o__Mononegavirales,f__Pneumoviridae,g__Orthopneumovirus,s__Human_orthopneumovirus",0.0010967481884907057
"d__Viruses,-__ssRNA_viruses,-__ssRNA_negative_strand_viruses,o__Mononegavirales,f__Pneumoviridae,g__Pneumovirus,-__unclassified_Pneumovirus,s__Respiratory_syncytial_virus",0.001106122104631652
"d__Viruses,-__ssRNA_viruses,-__ssRNA_negative_strand_viruses,o__Mononegavirales,f__Rhabdoviridae,g__Ledantevirus,s__Le_Dantec_ledantevirus",0.00014060874211419303
"d__Viruses,-__ssRNA_viruses,-__ssRNA_negative_strand_viruses,o__Mononegavirales,f__Rhabdoviridae,g__Lyssavirus,-__unclassified_Lyssavirus,s__Lleida_bat_lyssavirus",0.0005718088845977184
"d__Viruses,-__ssRNA_viruses,-__ssRNA_negative_strand_viruses,o__Mononegavirales,f__Rhabdoviridae,g__Lyssavirus,-__unclassified_Lyssavirus,s__Lyssavirus_Ozernoe",0.0008155307042623197
"d__Viruses,-__ssRNA_viruses,-__ssRNA_negative_strand_viruses,o__Mononegavirales,f__Rhabdoviridae,g__Lyssavirus,s__Aravan_lyssavirus",0.0008436524526851583
"d__Viruses,-__ssRNA_viruses,-__ssRNA_negative_strand_viruses,o__Mononegavirales,f__Rhabdoviridae,g__Lyssavirus,s__Australian_bat_lyssavirus",0.0008530263688261045
"d__Viruses,-__ssRNA_viruses,-__ssRNA_negative_strand_viruses,o__Mononegavirales,f__Rhabdoviridae,g__Lyssavirus,s__Bokeloh_bat_lyssavirus",0.0008624002849670506
"d__Viruses,-__ssRNA_viruses,-__ssRNA_negative_strand_viruses,o__Mononegavirales,f__Rhabdoviridae,g__Lyssavirus,s__Duvenhage_lyssavirus",0.0008155307042623197
"d__Viruses,-__ssRNA_viruses,-__ssRNA_negative_strand_viruses,o__Mononegavirales,f__Rhabdoviridae,g__Lyssavirus,s__European_bat_1_lyssavirus",0.0008530263688261045
"d__Viruses,-__ssRNA_viruses,-__ssRNA_negative_strand_viruses,o__Mononegavirales,f__Rhabdoviridae,g__Lyssavirus,s__European_bat_2_lyssavirus",0.0008530263688261045
"d__Viruses,-__ssRNA_viruses,-__ssRNA_negative_strand_viruses,o__Mononegavirales,f__Rhabdoviridae,g__Lyssavirus,s__Ikoma_lyssavirus",0.0005624349684567721
"d__Viruses,-__ssRNA_viruses,-__ssRNA_negative_strand_viruses,o__Mononegavirales,f__Rhabdoviridae,g__Lyssavirus,s__Irkut_lyssavirus",0.0008155307042623197
"d__Viruses,-__ssRNA_viruses,-__ssRNA_negative_strand_viruses,o__Mononegavirales,f__Rhabdoviridae,g__Lyssavirus,s__Khujand_lyssavirus",0.0008249046204032659
"d__Viruses,-__ssRNA_viruses,-__ssRNA_negative_strand_viruses,o__Mononegavirales,f__Rhabdoviridae,g__Lyssavirus,s__Lagos_bat_lyssavirus",0.0008811481172489431
"d__Viruses,-__ssRNA_viruses,-__ssRNA_negative_strand_viruses,o__Mononegavirales,f__Rhabdoviridae,g__Lyssavirus,s__Mokola_lyssavirus",0.0008061567881213734
"d__Viruses,-__ssRNA_viruses,-__ssRNA_negative_strand_viruses,o__Mononegavirales,f__Rhabdoviridae,g__Lyssavirus,s__Rabies_lyssavirus",0.000965513362517459
"d__Viruses,-__ssRNA_viruses,-__ssRNA_negative_strand_viruses,o__Mononegavirales,f__Rhabdoviridae,g__Lyssavirus,s__Shimoni_bat_lyssavirus",0.0007874089558394811
"d__Viruses,-__ssRNA_viruses,-__ssRNA_negative_strand_viruses,o__Mononegavirales,f__Rhabdoviridae,g__Lyssavirus,s__West_Caucasian_bat_lyssavirus",0.0006842958782890728
"d__Viruses,-__ssRNA_viruses,-__ssRNA_negative_strand_viruses,o__Mononegavirales,f__Rhabdoviridae,g__Vesiculovirus,s__Chandipura_vesiculovirus",0.00074053937513475
"d__Viruses,-__ssRNA_viruses,-__ssRNA_negative_strand_viruses,o__Mononegavirales,f__Rhabdoviridae,g__Vesiculovirus,s__Indiana_vesiculovirus",0.0007686611235575887
"d__Viruses,-__ssRNA_viruses,-__ssRNA_negative_strand_viruses,o__Mononegavirales,f__Rhabdoviridae,g__Vesiculovirus,s__Isfahan_vesiculovirus",0.0007499132912756962
"d__Viruses,-__ssRNA_viruses,-__ssRNA_negative_strand_viruses,o__Mononegavirales,f__Rhabdoviridae,g__Vesiculovirus,s__Jurona_vesiculovirus",0.0004968175554701488
"d__Viruses,-__ssRNA_viruses,-__ssRNA_negative_strand_viruses,o__Mononegavirales,f__Rhabdoviridae,g__Vesiculovirus,s__Maraba_vesiculovirus",0.00074053937513475
"d__Viruses,-__ssRNA_viruses,-__ssRNA_positive_strand_viruses__no_DNA_stage,f__Astroviridae,-__unclassified_Astroviridae,s__Astrovirus_MLB1",6.561741298662342e-05
"d__Viruses,-__ssRNA_viruses,-__ssRNA_positive_strand_viruses__no_DNA_stage,f__Astroviridae,-__unclassified_Astroviridae,s__Astrovirus_MLB2",6.561741298662342e-05
"d__Viruses,-__ssRNA_viruses,-__ssRNA_positive_strand_viruses__no_DNA_stage,f__Astroviridae,-__unclassified_Astroviridae,s__Astrovirus_MLB3",6.561741298662342e-05
"d__Viruses,-__ssRNA_viruses,-__ssRNA_positive_strand_viruses__no_DNA_stage,f__Astroviridae,-__unclassified_Astroviridae,s__Astrovirus_VA1",2.812174842283861e-05
"d__Viruses,-__ssRNA_viruses,-__ssRNA_positive_strand_viruses__no_DNA_stage,f__Astroviridae,-__unclassified_Astroviridae,s__Astrovirus_VA3",3.7495664563784814e-05
"d__Viruses,-__ssRNA_viruses,-__ssRNA_positive_strand_viruses__no_DNA_stage,f__Astroviridae,-__unclassified_Astroviridae,s__Astrovirus_VA4",2.812174842283861e-05
"d__Viruses,-__ssRNA_viruses,-__ssRNA_positive_strand_viruses__no_DNA_stage,f__Astroviridae,-__unclassified_Astroviridae,s__Human_astrovirus",0.0005343132200339336
"d__Viruses,-__ssRNA_viruses,-__ssRNA_positive_strand_viruses__no_DNA_stage,f__Astroviridae,g__Mamastrovirus,-__unclassified_Mamastrovirus,s__Burkina_Faso_astrovirus",2.812174842283861e-05
"d__Viruses,-__ssRNA_viruses,-__ssRNA_positive_strand_viruses__no_DNA_stage,f__Astroviridae,g__Mamastrovirus,-__unclassified_Mamastrovirus,s__HMO_Astrovirus_A",3.7495664563784814e-05
"d__Viruses,-__ssRNA_viruses,-__ssRNA_positive_strand_viruses__no_DNA_stage,f__Astroviridae,g__Mamastrovirus,s__Mamastrovirus_1",0.0006749219621481267
"d__Viruses,-__ssRNA_viruses,-__ssRNA_positive_strand_viruses__no_DNA_stage,f__Caliciviridae,g__Norovirus,s__Norwalk_virus",0.0010123829432221898
"d__Viruses,-__ssRNA_viruses,-__ssRNA_positive_strand_viruses__no_DNA_stage,f__Caliciviridae,g__Sapovirus,-__unclassified_Sapovirus,s__Bat_sapovirus_TLC58_HK",6.561741298662342e-05
"d__Viruses,-__ssRNA_viruses,-__ssRNA_positive_strand_viruses__no_DNA_stage,f__Caliciviridae,g__Sapovirus,s__Sapporo_virus",0.0007780350396985349
"d__Viruses,-__ssRNA_viruses,-__ssRNA_positive_strand_viruses__no_DNA_stage,f__Flaviviridae,g__Flavivirus,-__Dengue_virus_group,s__Dengue_virus",0.0014717048341285539
"d__Viruses,-__ssRNA_viruses,-__ssRNA_positive_strand_viruses__no_DNA_stage,f__Flaviviridae,g__Flavivirus,-__Japanese_encephalitis_virus_group,s__Japanese_encephalitis_virus",0.0013029743435915221
"d__Viruses,-__ssRNA_viruses,-__ssRNA_positive_strand_viruses__no_DNA_stage,f__Flaviviridae,g__Flavivirus,-__Japanese_encephalitis_virus_group,s__Murray_Valley_encephalitis_virus",0.001199861266041114
"d__Viruses,-__ssRNA_viruses,-__ssRNA_positive_strand_viruses__no_DNA_stage,f__Flaviviridae,g__Flavivirus,-__Japanese_encephalitis_virus_group,s__St__Louis_encephalitis_virus",0.0011436177691954367
"d__Viruses,-__ssRNA_viruses,-__ssRNA_positive_strand_viruses__no_DNA_stage,f__Flaviviridae,g__Flavivirus,-__Japanese_encephalitis_virus_group,s__Usutu_virus",0.0011623656014773292
"d__Viruses,-__ssRNA_viruses,-__ssRNA_positive_strand_viruses__no_DNA_stage,f__Flaviviridae,g__Flavivirus,-__Japanese_encephalitis_virus_group,s__West_Nile_virus",0.0013123482597324685
"d__Viruses,-__ssRNA_viruses,-__ssRNA_positive_strand_viruses__no_DNA_stage,f__Flaviviridae,g__Flavivirus,-__Kokobera_virus_group,s__Kokobera_virus",0.0007311654589938039
"d__Viruses,-__ssRNA_viruses,-__ssRNA_positive_strand_viruses__no_DNA_stage,f__Flaviviridae,g__Flavivirus,-__Modoc_virus_group,s__Modoc_virus",0.00017810440667797786
"d__Viruses,-__ssRNA_viruses,-__ssRNA_positive_strand_viruses__no_DNA_stage,f__Flaviviridae,g__Flavivirus,-__Ntaya_virus_group,s__Bagaza_virus",0.0008530263688261045
"d__Viruses,-__ssRNA_viruses,-__ssRNA_positive_strand_viruses__no_DNA_stage,f__Flaviviridae,g__Flavivirus,-__Ntaya_virus_group,s__Ntaya_virus",0.0008905220333898893
"d__Viruses,-__ssRNA_viruses,-__ssRNA_positive_strand_viruses__no_DNA_stage,f__Flaviviridae,g__Flavivirus,-__Ntaya_virus_group,s__Tembusu_virus",0.000965513362517459
"d__Viruses,-__ssRNA_viruses,-__ssRNA_positive_strand_viruses__no_DNA_stage,f__Flaviviridae,g__Flavivirus,-__Ntaya_virus_group,s__Yokose_virus",0.0003749566456378481
"d__Viruses,-__ssRNA_viruses,-__ssRNA_positive_strand_viruses__no_DNA_stage,f__Flaviviridae,g__Flavivirus,-__Rio_Bravo_virus_group,s__Apoi_virus",0.00024372181966460127
"d__Viruses,-__ssRNA_viruses,-__ssRNA_positive_strand_viruses__no_DNA_stage,f__Flaviviridae,g__Flavivirus,-__Rio_Bravo_virus_group,s__Entebbe_bat_virus",0.0004030783940606867
"d__Viruses,-__ssRNA_viruses,-__ssRNA_positive_strand_viruses__no_DNA_stage,f__Flaviviridae,g__Flavivirus,-__Rio_Bravo_virus_group,s__Rio_Bravo_virus",0.00024372181966460127
"d__Viruses,-__ssRNA_viruses,-__ssRNA_positive_strand_viruses__no_DNA_stage,f__Flaviviridae,g__Flavivirus,-__Rio_Bravo_virus_group,s__Saboya_virus",0.00047806972318825637
"d__Viruses,-__ssRNA_viruses,-__ssRNA_positive_strand_viruses__no_DNA_stage,f__Flaviviridae,g__Flavivirus,-__Seaborne_tick_borne_virus_group,s__Meaban_virus",0.00044057405862447154
"d__Viruses,-__ssRNA_viruses,-__ssRNA_positive_strand_viruses__no_DNA_stage,f__Flaviviridae,g__Flavivirus,-__Seaborne_tick_borne_virus_group,s__Saumarez_Reef_virus",0.0003749566456378481
"d__Viruses,-__ssRNA_viruses,-__ssRNA_positive_strand_viruses__no_DNA_stage,f__Flaviviridae,g__Flavivirus,-__Yellow_fever_virus_group,s__Banzi_virus",0.00044994797476541776
"d__Viruses,-__ssRNA_viruses,-__ssRNA_positive_strand_viruses__no_DNA_stage,f__Flaviviridae,g__Flavivirus,-__Yellow_fever_virus_group,s__Bouboui_virus",0.0004312001424835253
"d__Viruses,-__ssRNA_viruses,-__ssRNA_positive_strand_viruses__no_DNA_stage,f__Flaviviridae,g__Flavivirus,-__Yellow_fever_virus_group,s__Edge_Hill_virus",0.00047806972318825637
"d__Viruses,-__ssRNA_viruses,-__ssRNA_positive_strand_viruses__no_DNA_stage,f__Flaviviridae,g__Flavivirus,-__Yellow_fever_virus_group,s__Uganda_S_virus",0.0005155653877520411
"d__Viruses,-__ssRNA_viruses,-__ssRNA_positive_strand_viruses__no_DNA_stage,f__Flaviviridae,g__Flavivirus,-__Yellow_fever_virus_group,s__Wesselsbron_virus",0.0005811828007386646
"d__Viruses,-__ssRNA_viruses,-__ssRNA_positive_strand_viruses__no_DNA_stage,f__Flaviviridae,g__Flavivirus,-__Yellow_fever_virus_group,s__Yellow_fever_virus",0.0008530263688261045
"d__Viruses,-__ssRNA_viruses,-__ssRNA_positive_strand_viruses__no_DNA_stage,f__Flaviviridae,g__Flavivirus,-__mosquito_borne_viruses,s__Ilheus_virus",0.0008624002849670506
"d__Viruses,-__ssRNA_viruses,-__ssRNA_positive_strand_viruses__no_DNA_stage,f__Flaviviridae,g__Flavivirus,-__mosquito_borne_viruses,s__Sepik_virus",0.0005905567168796108
"d__Viruses,-__ssRNA_viruses,-__ssRNA_positive_strand_viruses__no_DNA_stage,f__Flaviviridae,g__Flavivirus,-__tick_borne_encephalitis_virus_group,s__Kyasanur_forest_disease_virus",0.0008905220333898893
"d__Viruses,-__ssRNA_viruses,-__ssRNA_positive_strand_viruses__no_DNA_stage,f__Flaviviridae,g__Flavivirus,-__tick_borne_encephalitis_virus_group,s__Langat_virus",0.0008717742011079969
"d__Viruses,-__ssRNA_viruses,-__ssRNA_positive_strand_viruses__no_DNA_stage,f__Flaviviridae,g__Flavivirus,-__tick_borne_encephalitis_virus_group,s__Louping_ill_virus",0.0008998959495308355
"d__Viruses,-__ssRNA_viruses,-__ssRNA_positive_strand_viruses__no_DNA_stage,f__Flaviviridae,g__Flavivirus,-__tick_borne_encephalitis_virus_group,s__Omsk_hemorrhagic_fever_virus",0.0009280176979536741
"d__Viruses,-__ssRNA_viruses,-__ssRNA_positive_strand_viruses__no_DNA_stage,f__Flaviviridae,g__Flavivirus,-__tick_borne_encephalitis_virus_group,s__Phnom_Penh_bat_virus",0.00023434790352365507
"d__Viruses,-__ssRNA_viruses,-__ssRNA_positive_strand_viruses__no_DNA_stage,f__Flaviviridae,g__Flavivirus,-__tick_borne_encephalitis_virus_group,s__Powassan_virus",0.0009373916140946203
"d__Viruses,-__ssRNA_viruses,-__ssRNA_positive_strand_viruses__no_DNA_stage,f__Flaviviridae,g__Flavivirus,-__tick_borne_encephalitis_virus_group,s__Royal_Farm_virus",0.0007686611235575887
"d__Viruses,-__ssRNA_viruses,-__ssRNA_positive_strand_viruses__no_DNA_stage,f__Flaviviridae,g__Flavivirus,-__tick_borne_encephalitis_virus_group,s__Tick_borne_encephalitis_virus",0.000965513362517459
"d__Viruses,-__ssRNA_viruses,-__ssRNA_positive_strand_viruses__no_DNA_stage,f__Flaviviridae,g__Flavivirus,-__unclassified_Flavivirus,s__Aedes_flavivirus",5.624349684567722e-05
"d__Viruses,-__ssRNA_viruses,-__ssRNA_positive_strand_viruses__no_DNA_stage,f__Flaviviridae,g__Flavivirus,-__unclassified_Flavivirus,s__Cell_fusing_agent_virus",6.561741298662342e-05
"d__Viruses,-__ssRNA_viruses,-__ssRNA_positive_strand_viruses__no_DNA_stage,f__Flaviviridae,g__Flavivirus,-__unclassified_Flavivirus,s__Chaoyang_virus",0.00042182622634257916
"d__Viruses,-__ssRNA_viruses,-__ssRNA_positive_strand_viruses__no_DNA_stage,f__Flaviviridae,g__Flavivirus,-__unclassified_Flavivirus,s__Culex_flavivirus",7.499132912756963e-05
"d__Viruses,-__ssRNA_viruses,-__ssRNA_positive_strand_viruses__no_DNA_stage,f__Flaviviridae,g__Flavivirus,-__unclassified_Flavivirus,s__Donggang_virus",0.0004968175554701488
"d__Viruses,-__ssRNA_viruses,-__ssRNA_positive_strand_viruses__no_DNA_stage,f__Flaviviridae,g__Flavivirus,-__unclassified_Flavivirus,s__Hanko_virus",7.499132912756963e-05
"d__Viruses,-__ssRNA_viruses,-__ssRNA_positive_strand_viruses__no_DNA_stage,f__Flaviviridae,g__Flavivirus,-__unclassified_Flavivirus,s__Kamiti_River_virus",0.00010311307755040823
"d__Viruses,-__ssRNA_viruses,-__ssRNA_positive_strand_viruses__no_DNA_stage,f__Flaviviridae,g__Flavivirus,-__unclassified_Flavivirus,s__Mercadeo_virus",7.499132912756963e-05
"d__Viruses,-__ssRNA_viruses,-__ssRNA_positive_strand_viruses__no_DNA_stage,f__Flaviviridae,g__Flavivirus,-__unclassified_Flavivirus,s__Nounane_virus",0.0003562088133559557
"d__Viruses,-__ssRNA_viruses,-__ssRNA_positive_strand_viruses__no_DNA_stage,f__Flaviviridae,g__Flavivirus,-__unclassified_Flavivirus,s__Ochlerotatus_caspius_flavivirus",9.373916140946203e-05
"d__Viruses,-__ssRNA_viruses,-__ssRNA_positive_strand_viruses__no_DNA_stage,f__Flaviviridae,g__Flavivirus,-__unclassified_Flavivirus,s__Palm_Creek_virus",7.499132912756963e-05
"d__Viruses,-__ssRNA_viruses,-__ssRNA_positive_strand_viruses__no_DNA_stage,f__Flaviviridae,g__Flavivirus,-__unclassified_Flavivirus,s__Paraiso_Escondido_virus",0.00039370447791974055
"d__Viruses,-__ssRNA_viruses,-__ssRNA_positive_strand_viruses__no_DNA_stage,f__Flaviviridae,g__Flavivirus,-__unclassified_Flavivirus,s__Parramatta_River_virus",7.499132912756963e-05
"d__Viruses,-__ssRNA_viruses,-__ssRNA_positive_strand_viruses__no_DNA_stage,f__Flaviviridae,g__Flavivirus,-__unclassified_Flavivirus,s__Quang_Binh_virus",0.00010311307755040823
"d__Viruses,-__ssRNA_viruses,-__ssRNA_positive_strand_viruses__no_DNA_stage,f__Flaviviridae,g__Flavivirus,-__unclassified_Flavivirus,s__Spanish_goat_encephalitis_virus",0.0008811481172489431
"d__Viruses,-__ssRNA_viruses,-__ssRNA_positive_strand_viruses__no_DNA_stage,f__Flaviviridae,g__Flavivirus,-__unclassified_Flavivirus,s__Spondweni_virus",0.0010030090270812437
"d__Viruses,-__ssRNA_viruses,-__ssRNA_positive_strand_viruses__no_DNA_stage,f__Flaviviridae,g__Flavivirus,-__unclassified_Flavivirus,s__T_Ho_virus",0.0009280176979536741
"d__Viruses,-__ssRNA_viruses,-__ssRNA_positive_strand_viruses__no_DNA_stage,f__Flaviviridae,g__Flavivirus,-__unclassified_Flavivirus,s__Tamana_bat_virus",4.6869580704731014e-05
"d__Viruses,-__ssRNA_viruses,-__ssRNA_positive_strand_viruses__no_DNA_stage,f__Flaviviridae,g__Flavivirus,s__Aroa_virus",0.0009092698656717817
"d__Viruses,-__ssRNA_viruses,-__ssRNA_positive_strand_viruses__no_DNA_stage,f__Flaviviridae,g__Flavivirus,s__Gadgets_Gully_virus",0.000693669794430019
"d__Viruses,-__ssRNA_viruses,-__ssRNA_positive_strand_viruses__no_DNA_stage,f__Flaviviridae,g__Flavivirus,s__Jugra_virus",0.00042182622634257916
"d__Viruses,-__ssRNA_viruses,-__ssRNA_positive_strand_viruses__no_DNA_stage,f__Flaviviridae,g__Flavivirus,s__Kadam_virus",0.00044994797476541776
"d__Viruses,-__ssRNA_viruses,-__ssRNA_positive_strand_viruses__no_DNA_stage,f__Flaviviridae,g__Flavivirus,s__Kedougou_virus",0.0006842958782890728
"d__Viruses,-__ssRNA_viruses,-__ssRNA_positive_strand_viruses__no_DNA_stage,f__Flaviviridae,g__Flavivirus,s__Montana_myotis_leukoencephalitis_virus",0.00016873049053703167
"d__Viruses,-__ssRNA_viruses,-__ssRNA_positive_strand_viruses__no_DNA_stage,f__Flaviviridae,g__Flavivirus,s__Yaounde_virus",0.001199861266041114
"d__Viruses,-__ssRNA_viruses,-__ssRNA_positive_strand_viruses__no_DNA_stage,f__Flaviviridae,g__Flavivirus,s__Zika_virus",0.0011342438530544906
"d__Viruses,-__ssRNA_viruses,-__ssRNA_positive_strand_viruses__no_DNA_stage,f__Flaviviridae,g__Hepacivirus,-__unclassified_Hepacivirus,s__Bat_hepacivirus",0.00013123482597324684
"d__Viruses,-__ssRNA_viruses,-__ssRNA_positive_strand_viruses__no_DNA_stage,f__Flaviviridae,g__Hepacivirus,-__unclassified_Hepacivirus,s__Bovine_hepacivirus",3.7495664563784814e-05
"d__Viruses,-__ssRNA_viruses,-__ssRNA_positive_strand_viruses__no_DNA_stage,f__Flaviviridae,g__Hepacivirus,-__unclassified_Hepacivirus,s__Guereza_hepacivirus",6.561741298662342e-05
"d__Viruses,-__ssRNA_viruses,-__ssRNA_positive_strand_viruses__no_DNA_stage,f__Flaviviridae,g__Hepacivirus,-__unclassified_Hepacivirus,s__Norway_rat_hepacivirus_1",5.624349684567722e-05
"d__Viruses,-__ssRNA_viruses,-__ssRNA_positive_strand_viruses__no_DNA_stage,f__Flaviviridae,g__Hepacivirus,-__unclassified_Hepacivirus,s__Norway_rat_hepacivirus_2",1.8747832281892407e-05
"d__Viruses,-__ssRNA_viruses,-__ssRNA_positive_strand_viruses__no_DNA_stage,f__Flaviviridae,g__Hepacivirus,-__unclassified_Hepacivirus,s__Rodent_hepacivirus",8.436524526851583e-05
"d__Viruses,-__ssRNA_viruses,-__ssRNA_positive_strand_viruses__no_DNA_stage,f__Flaviviridae,g__Hepacivirus,s__Hepatitis_C_virus",0.00175292231835694
"d__Viruses,-__ssRNA_viruses,-__ssRNA_positive_strand_viruses__no_DNA_stage,f__Flaviviridae,g__Pegivirus,-__unclassified_Pegivirus,s__Human_pegivirus_2",9.373916140946203e-06
"d__Viruses,-__ssRNA_viruses,-__ssRNA_positive_strand_viruses__no_DNA_stage,f__Flaviviridae,g__Pegivirus,s__Pegivirus_C",0.0006655480460071805
"d__Viruses,-__ssRNA_viruses,-__ssRNA_positive_strand_viruses__no_DNA_stage,f__Hepeviridae,-__unclassified_Hepeviridae,s__Bat_hepevirus",0.00015935657439608545
"d__Viruses,-__ssRNA_viruses,-__ssRNA_positive_strand_viruses__no_DNA_stage,f__Hepeviridae,g__Orthohepevirus,s__Orthohepevirus_A",0.0010405046916450286
"d__Viruses,-__ssRNA_viruses,-__ssRNA_positive_strand_viruses__no_DNA_stage,f__Hepeviridae,g__Orthohepevirus,s__Orthohepevirus_D",0.00017810440667797786
"d__Viruses,-__ssRNA_viruses,-__ssRNA_positive_strand_viruses__no_DNA_stage,f__Hepeviridae,g__Piscihepevirus,s__Piscihepevirus_A",2.812174842283861e-05
"d__Viruses,-__ssRNA_viruses,-__ssRNA_positive_strand_viruses__no_DNA_stage,f__Togaviridae,g__Alphavirus,-__EEEV_complex,s__Eastern_equine_encephalitis_virus",0.0010780003562088133
"d__Viruses,-__ssRNA_viruses,-__ssRNA_positive_strand_viruses__no_DNA_stage,f__Togaviridae,g__Alphavirus,-__SFV_complex,s__Chikungunya_virus",0.0011623656014773292
"d__Viruses,-__ssRNA_viruses,-__ssRNA_positive_strand_viruses__no_DNA_stage,f__Togaviridae,g__Alphavirus,-__SFV_complex,s__Getah_virus",0.0011623656014773292
"d__Viruses,-__ssRNA_viruses,-__ssRNA_positive_strand_viruses__no_DNA_stage,f__Togaviridae,g__Alphavirus,-__SFV_complex,s__Mayaro_virus",0.0011342438530544906
"d__Viruses,-__ssRNA_viruses,-__ssRNA_positive_strand_viruses__no_DNA_stage,f__Togaviridae,g__Alphavirus,-__SFV_complex,s__O_nyong_nyong_virus",0.001059252523926921
"d__Viruses,-__ssRNA_viruses,-__ssRNA_positive_strand_viruses__no_DNA_stage,f__Togaviridae,g__Alphavirus,-__SFV_complex,s__Ross_River_virus",0.0012092351821820601
"d__Viruses,-__ssRNA_viruses,-__ssRNA_positive_strand_viruses__no_DNA_stage,f__Togaviridae,g__Alphavirus,-__SFV_complex,s__Semliki_Forest_virus",0.0011904873499001677
"d__Viruses,-__ssRNA_viruses,-__ssRNA_positive_strand_viruses__no_DNA_stage,f__Togaviridae,g__Alphavirus,-__VEEV_complex,s__Venezuelan_equine_encephalitis_virus",0.001106122104631652
"d__Viruses,-__ssRNA_viruses,-__ssRNA_positive_strand_viruses__no_DNA_stage,f__Togaviridae,g__Alphavirus,-__WEEV_complex,s__Sindbis_virus",0.0009280176979536741
"d__Viruses,-__ssRNA_viruses,-__ssRNA_positive_strand_viruses__no_DNA_stage,f__Togaviridae,g__Alphavirus,-__WEEV_complex,s__Western_equine_encephalitis_virus",0.001059252523926921
"d__Viruses,-__ssRNA_viruses,-__ssRNA_positive_strand_viruses__no_DNA_stage,f__Togaviridae,g__Alphavirus,s__Barmah_Forest_virus",0.0008624002849670506
"d__Viruses,-__ssRNA_viruses,-__ssRNA_positive_strand_viruses__no_DNA_stage,f__Togaviridae,g__Rubivirus,s__Rubella_virus",0.0005343132200339336
"d__Viruses,-__ssRNA_viruses,-__ssRNA_positive_strand_viruses__no_DNA_stage,f__Tombusviridae,g__Gammacarmovirus,s__Melon_necrotic_spot_virus",0.0
"d__Viruses,-__ssRNA_viruses,-__ssRNA_positive_strand_viruses__no_DNA_stage,o__Nidovirales,f__Coronaviridae,-__Coronavirinae,g__Alphacoronavirus,s__Human_coronavirus_229E",0.002399722532082228
"d__Viruses,-__ssRNA_viruses,-__ssRNA_positive_strand_viruses__no_DNA_stage,o__Nidovirales,f__Coronaviridae,-__Coronavirinae,g__Alphacoronavirus,s__Human_coronavirus_NL63",0.002174748544699519
"d__Viruses,-__ssRNA_viruses,-__ssRNA_positive_strand_viruses__no_DNA_stage,o__Nidovirales,f__Coronaviridae,-__Coronavirinae,g__Betacoronavirus,s__Betacoronavirus_1",0.002521583441914529
"d__Viruses,-__ssRNA_viruses,-__ssRNA_positive_strand_viruses__no_DNA_stage,o__Nidovirales,f__Coronaviridae,-__Coronavirinae,g__Betacoronavirus,s__Human_coronavirus_HKU1",0.002352852951377497
"d__Viruses,-__ssRNA_viruses,-__ssRNA_positive_strand_viruses__no_DNA_stage,o__Nidovirales,f__Coronaviridae,-__Coronavirinae,g__Betacoronavirus,s__Middle_East_respiratory_syndrome_related_coronavirus",0.0028777922552704845
"d__Viruses,-__ssRNA_viruses,-__ssRNA_positive_strand_viruses__no_DNA_stage,o__Nidovirales,f__Coronaviridae,-__Coronavirinae,g__Betacoronavirus,s__SARS_related_coronavirus",0.00229660945453182
"d__Viruses,-__ssRNA_viruses,-__ssRNA_positive_strand_viruses__no_DNA_stage,o__Picornavirales,f__Picornaviridae,g__Cardiovirus,s__Cardiovirus_A",0.0005061914716110949
"d__Viruses,-__ssRNA_viruses,-__ssRNA_positive_strand_viruses__no_DNA_stage,o__Picornavirales,f__Picornaviridae,g__Cardiovirus,s__Cardiovirus_B",0.0003280870649331171
"d__Viruses,-__ssRNA_viruses,-__ssRNA_positive_strand_viruses__no_DNA_stage,o__Picornavirales,f__Picornaviridae,g__Cosavirus,-__unclassified_Cosavirus,s__Cosavirus_JMY_2014",0.0003468348972150095
"d__Viruses,-__ssRNA_viruses,-__ssRNA_positive_strand_viruses__no_DNA_stage,o__Picornavirales,f__Picornaviridae,g__Cosavirus,-__unclassified_Cosavirus,s__Human_cosavirus",0.0003562088133559557
"d__Viruses,-__ssRNA_viruses,-__ssRNA_positive_strand_viruses__no_DNA_stage,o__Picornavirales,f__Picornaviridae,g__Cosavirus,-__unclassified_Cosavirus,s__Human_cosavirus_B",0.00038433056177879433
"d__Viruses,-__ssRNA_viruses,-__ssRNA_positive_strand_viruses__no_DNA_stage,o__Picornavirales,f__Picornaviridae,g__Cosavirus,-__unclassified_Cosavirus,s__Human_cosavirus_D",0.0003187131487921709
"d__Viruses,-__ssRNA_viruses,-__ssRNA_positive_strand_viruses__no_DNA_stage,o__Picornavirales,f__Picornaviridae,g__Cosavirus,-__unclassified_Cosavirus,s__Human_cosavirus_E",0.0003562088133559557
"d__Viruses,-__ssRNA_viruses,-__ssRNA_positive_strand_viruses__no_DNA_stage,o__Picornavirales,f__Picornaviridae,g__Cosavirus,-__unclassified_Cosavirus,s__Human_cosavirus_F",0.00041245231020163294
"d__Viruses,-__ssRNA_viruses,-__ssRNA_positive_strand_viruses__no_DNA_stage,o__Picornavirales,f__Picornaviridae,g__Cosavirus,s__Cosavirus_A",0.0005811828007386646
"d__Viruses,-__ssRNA_viruses,-__ssRNA_positive_strand_viruses__no_DNA_stage,o__Picornavirales,f__Picornaviridae,g__Enterovirus,-__unclassified_Enterovirus,s__Human_enterovirus",0.0008061567881213734
"d__Viruses,-__ssRNA_viruses,-__ssRNA_positive_strand_viruses__no_DNA_stage,o__Picornavirales,f__Picornaviridae,g__Enterovirus,s__Enterovirus_A",0.001059252523926921
"d__Viruses,-__ssRNA_viruses,-__ssRNA_positive_strand_viruses__no_DNA_stage,o__Picornavirales,f__Picornaviridae,g__Enterovirus,s__Enterovirus_B",0.0011342438530544906
"d__Viruses,-__ssRNA_viruses,-__ssRNA_positive_strand_viruses__no_DNA_stage,o__Picornavirales,f__Picornaviridae,g__Enterovirus,s__Enterovirus_C",0.001059252523926921
"d__Viruses,-__ssRNA_viruses,-__ssRNA_positive_strand_viruses__no_DNA_stage,o__Picornavirales,f__Picornaviridae,g__Enterovirus,s__Enterovirus_D",0.0008624002849670506
"d__Viruses,-__ssRNA_viruses,-__ssRNA_positive_strand_viruses__no_DNA_stage,o__Picornavirales,f__Picornaviridae,g__Enterovirus,s__Enterovirus_H",0.0006280523814433956
"d__Viruses,-__ssRNA_viruses,-__ssRNA_positive_strand_viruses__no_DNA_stage,o__Picornavirales,f__Picornaviridae,g__Enterovirus,s__Rhinovirus_A",0.0013217221758734146
"d__Viruses,-__ssRNA_viruses,-__ssRNA_positive_strand_viruses__no_DNA_stage,o__Picornavirales,f__Picornaviridae,g__Enterovirus,s__Rhinovirus_B",0.0009186437818127279
"d__Viruses,-__ssRNA_viruses,-__ssRNA_positive_strand_viruses__no_DNA_stage,o__Picornavirales,f__Picornaviridae,g__Enterovirus,s__Rhinovirus_C",0.0007499132912756962
"d__Viruses,-__ssRNA_viruses,-__ssRNA_positive_strand_viruses__no_DNA_stage,o__Picornavirales,f__Picornaviridae,g__Hepatovirus,s__Hepatovirus_A",0.00036558272949690194
"d__Viruses,-__ssRNA_viruses,-__ssRNA_positive_strand_viruses__no_DNA_stage,o__Picornavirales,f__Picornaviridae,g__Kobuvirus,s__Aichivirus_A",0.000599930633020557
"d__Viruses,-__ssRNA_viruses,-__ssRNA_positive_strand_viruses__no_DNA_stage,o__Picornavirales,f__Picornaviridae,g__Parechovirus,-__unclassified_Parechovirus,s__Human_parechovirus",0.00044057405862447154
"d__Viruses,-__ssRNA_viruses,-__ssRNA_positive_strand_viruses__no_DNA_stage,o__Picornavirales,f__Picornaviridae,g__Rosavirus,s__Rosavirus_A",0.0005061914716110949
"d__Viruses,-__ssRNA_viruses,-__ssRNA_positive_strand_viruses__no_DNA_stage,o__Picornavirales,f__Picornaviridae,g__Salivirus,-__unclassified_Salivirus,s__Salivirus_FHB",0.00046869580704731015
"d__Viruses,-__ssRNA_viruses,-__ssRNA_positive_strand_viruses__no_DNA_stage,o__Picornavirales,f__Picornaviridae,g__Salivirus,s__Salivirus_A",0.00048744363932920254
"d__Viruses,-__unclassified_viruses,s__Husavirus_sp_",1.8747832281892407e-05
"d__Viruses,-__unclassified_viruses,s__IAS_virus",9.373916140946203e-06
"d__Viruses,f__Genomoviridae,g__Gemycircularvirus,-__unclassified_Gemycircularvirus,s__Gemycircularvirus_HV_GcV1",0.0
"d__Viruses,g__Deltavirus,s__Hepatitis_delta_virus",0.00024372181966460127
